seed,cagr,net_cagr
0,0.11350140796630215,0.09921456451361199
1,0.023306119329799202,0.009797429604504027
2,0.10835097694727391,0.09423733255314715
3,0.085303808913898,0.07137712793999684
4,0.10480314563743098,0.0905152950778565
5,0.09889689549657477,0.0846834735237525
6,0.07849585794987668,0.06454249365775921
7,0.0838101758644918,0.06969459555599444
8,0.03436784045743391,0.020684637873196854
9,0.05800014115756391,0.04420040420434512
10,0.06321278810000486,0.049230909849763416
11,0.08023905011854437,0.06636082145806954
12,0.028906908284525246,0.015204500477329796
13,0.08128638095948326,0.06722419128088775
14,0.06771843476754102,0.05368331120119807
15,0.06301311321001202,0.04906381715747221
16,0.08045091725984443,0.06653671606398537
17,0.016509236316279763,0.0030694954371341954
18,0.016756651616183893,0.0031818139351651453
19,0.09346351541902642,0.0792943744845882
20,0.03944044518649137,0.025666051455984773
21,0.10401863068804329,0.08993654291540953
22,0.04114418618508453,0.02749441535608499
23,0.08633702724843362,0.07216848232229633
24,0.06133739445797781,0.04739723882631797
25,0.08627887760776143,0.07217850949954041
26,0.04728987503359616,0.033511288646233206
27,0.03075585905535383,0.017137705935962977
28,0.057075138937557224,0.043199218230487224
29,0.07716376989184992,0.06327138157714218
30,0.09607145651384852,0.08188821592573747
31,0.07627109469374771,0.06218310165894514
32,0.05453024247194316,0.04060743639862818
33,0.05676587657696941,0.04300856975138245
34,0.06269957051469977,0.048943711454457084
35,0.07546773284820585,0.06162006355824512
36,0.0555242496689472,0.04147311507853857
37,0.0631653521376947,0.0492819623460361
38,0.0825186300109837,0.06846052960764215
39,0.023859831061024295,0.01024481852618031
40,0.05195033469002319,0.03809251854054474
41,0.12113903406273518,0.1069553445116811
42,0.06102411803914065,0.04727232147600802
43,0.10573333193153611,0.0913496093880497
44,0.055981274769158595,0.04194724861875243
45,0.08861962774908805,0.07446800940344112
46,0.053886239867261265,0.039939586089217105
47,0.09253937474092888,0.07850966899557932
48,0.041227346470430914,0.027581032047615528
49,0.045371468168517115,0.03162637771620025
50,0.038271331360967276,0.024558828419903866
51,0.08284340409452384,0.06874470693051027
52,0.08358279423593018,0.06980828646830162
53,0.045865127818224494,0.032092539679967835
54,0.0792566425242307,0.06532007894978364
55,0.12851391175882898,0.11428807090776028
56,0.042771336669816806,0.02893654228504361
57,0.04998131951281359,0.03610381099238125
58,0.05693708231802708,0.042962599255008005
59,0.17636512368150847,0.16166632396098235
60,0.03403542123835601,0.02037040430583792
61,0.08941707682335531,0.07527541202592558
62,0.10863942585733088,0.09447711419012217
63,0.09345222779777651,0.07935015150051306
64,0.06352143176677538,0.049482794175870204
65,0.0694956970143481,0.055639292618810954
66,0.11986843463878971,0.10563402478064265
67,0.079740987880631,0.06577904363169584
68,0.09544476310818562,0.08136465237095414
69,0.08284637586589416,0.06863746065261966
70,0.04094792052643803,0.027147884337067607
71,0.07284102731017938,0.05871651391912813
72,0.09364608697456434,0.0796398562476941
73,0.023081730782217535,0.009413511718502354
74,0.03966512433217262,0.025916414022335577
75,0.08231450764867132,0.06828011830305858
76,0.05206973415688698,0.03802556259316625
77,0.12314098195672818,0.1088964086115154
78,0.1306626034596401,0.11635521115318981
79,0.04207183889854016,0.02836696700631891
80,0.14092741481030435,0.1267567931815996
81,0.0592828514452437,0.045385265994500656
82,0.10723593935433162,0.09300979859270986
83,0.12691550279086172,0.11258747569210747
84,0.057563178459764774,0.043642546267941285
85,0.11009272587135244,0.09585598379505567
86,0.08283697254796496,0.06888716145095986
87,0.00041052869706081907,-0.013057832081667664
88,0.04845360269151966,0.034690124831250335
89,0.07508101065539563,0.06113404974271486
90,0.1274296487716442,0.11314759722856649
91,0.0492882495791962,0.03550711230398562
92,0.048309453756778975,0.03435280047493694
93,0.07197108299681543,0.05795952749998201
94,0.08050910646007603,0.06645649442989643
95,0.06661367479484204,0.05264963867486783
96,0.08281397510858235,0.06877824128835974
97,0.06957120171655129,0.055743316061927395
98,0.08498389014438157,0.07093454696251089
99,0.039162413500563265,0.02542378878823781
100,0.06401487625626245,0.05006207310913835
101,0.06465189072826338,0.05064543102022068
102,0.08082464805760936,0.06674186159970863
103,0.10086492000950908,0.08692192809043431
104,0.12423275182685733,0.10981223335200596
105,0.07337494070863992,0.059390104233356444
106,0.1835801048894894,0.16869258548014843
107,0.03500077596733342,0.02126665418008522
108,0.05713584167746255,0.043378763513637564
109,0.08599605909987784,0.07199889405804694
110,0.058925460189518386,0.04491314111891431
111,0.08833107945716412,0.07408520894910797
112,0.09119457324399627,0.07720384444445383
113,0.13456585446410263,0.12022242621828227
114,0.027063083533783727,0.013340942361121266
115,0.02981381124516269,0.016051255279549315
116,0.028278270068190503,0.014428175963588696
117,0.084657738819506,0.0706151697870494
118,0.05264977280292471,0.03876030696206434
119,-0.0002256691147868306,-0.013814103386809773
120,0.06859981963005835,0.05477780937338106
121,0.036770103327223636,0.02295608329140153
122,0.10372387382343717,0.0895025052358569
123,0.10907467158111572,0.09491643274535533
124,0.012188569561049079,-0.0012729577978335405
125,0.0773038606305343,0.06334642555362269
126,0.1586941147669514,0.14401077076367064
127,0.037046907077066926,0.02324987937510703
128,0.023842314071968573,0.010064090955433924
129,-0.01502347306999452,-0.02854471435205852
130,0.02600336630598421,0.0122740718618648
131,0.05151389163488007,0.037703923779169424
132,0.07101221584766204,0.05702714137322551
133,0.04206296978427937,0.028220140447361874
134,0.06535390279728004,0.05150702141186736
135,0.04447350587169563,0.03084307068097325
136,0.03308687001477262,0.01944525214199011
137,0.06420667030050731,0.05018535628395826
138,0.12005881317522027,0.10550630976972752
139,0.054079751156164146,0.04030093279839808
140,0.0915484742248116,0.07751425836916837
141,0.11115013790998396,0.09672793776046773
142,0.0819833701308379,0.0677814431372794
143,0.0660090969179088,0.05210032435473644
144,0.10800587415993612,0.09379719653647056
145,0.05089493341270557,0.037059230621876216
146,0.08955747092983946,0.07565224911398838
147,0.03241641067636669,0.018659416980511212
148,0.021954894132830916,0.008349694322819179
149,0.04621048858517662,0.03240647808461805
150,0.05649669451418449,0.042685448855884545
151,0.12640873214081605,0.11198426506136294
152,0.06309314654903608,0.04905333864020478
153,0.06151443172891269,0.047550153030492925
154,0.021447324050705374,0.007797773310280087
155,0.0707123124812914,0.05672908279895128
156,-0.008634306584319962,-0.022161122161581726
157,0.06782801999578214,0.05398647699286241
158,0.0757045741503275,0.061723982263514054
159,0.09697199170274828,0.0829836381965452
160,0.050637632719929604,0.0369524667913359
161,0.08507094081222366,0.07103027838928999
162,0.03782685306672051,0.024168950743981954
163,0.10430255024181245,0.09033339995870704
164,0.08961277503147635,0.07560318051832371
165,0.0845127189024577,0.0705357579918926
166,0.06457496554544795,0.0506302694389289
167,0.09652359886099982,0.08212023726077766
168,0.03620184278230565,0.022497233768615565
169,0.09038606674288618,0.07628224869843003
170,0.13771510144970978,0.12340290899131712
171,0.10726018336146237,0.09304019187735357
172,0.06696480080896183,0.05311206731120688
173,0.09479957167058584,0.08063140211988928
174,0.0350676280661395,0.021376480908325446
175,0.050666917562480984,0.03690720468592912
176,0.11544420807980038,0.10109629348877691
177,0.12745009995569956,0.1129843676045772
178,-0.017208893745952136,-0.030675842658338892
179,0.03888373734470418,0.02508921077556092
180,0.04575530767915592,0.032044160088407825
181,0.05031202102525634,0.03648857518110016
182,0.045917795491450475,0.032259995363378646
183,0.1067492468944029,0.09240888746608644
184,0.04334447592800039,0.029325922753794753
185,0.08145477073336349,0.06732151765935113
186,0.061561018861814976,0.04778622318324688
187,0.09182377383648821,0.07772485421265429
188,0.06276460152344909,0.0486613143016299
189,0.08977095284408687,0.07571351260548109
190,0.11377214293275717,0.09951017245280935
191,0.06815485201964466,0.054310460823477236
192,0.15823669956819097,0.14388302971844058
193,0.09038452690670207,0.07617738894662951
194,0.03961953211088365,0.025990073207544873
195,0.03613021456501331,0.02244111990523545
196,0.06575157563673617,0.05177878354596399
197,0.044364189794659836,0.030643279357121855
198,0.06607560847327032,0.05205638882884989
199,0.05974513428317718,0.045930103133202005
200,0.08735450987125692,0.07340580089713922
201,0.10395263551492762,0.08982893986180396
202,0.09172980906901884,0.07760601211147145
203,0.06723932512226027,0.053154001881234425
204,0.1632363438802107,0.14856878697639164
205,0.07022737532381096,0.05625211323604429
206,0.06905775226427835,0.055048679930475464
207,0.05637635168198307,0.042508484670879865
208,0.05473768014158775,0.041032320507165654
209,0.06840547685561549,0.05466675901981932
210,0.05388639252225236,0.03993257682223428
211,0.03291524898146592,0.01928210757337645
212,0.06228773675777166,0.0482817007482399
213,0.08650513948044436,0.07239907008333657
214,0.10300750089323651,0.08874836471633718
215,0.058420384793574254,0.044456441435966276
216,0.12350525722330974,0.1090245275714452
217,0.006920392061199099,-0.006446886321579748
218,0.08675516828547392,0.07268991951361059
219,0.05783907059325899,0.04403212932548706
220,0.070068424689399,0.05612862809777219
221,0.13889330389581822,0.1246154990715389
222,0.07604079469962755,0.06206084123526767
223,0.04555057920024885,0.031650762940035326
224,0.08447683799973138,0.07039906114861316
225,0.07445620617130544,0.060613110552528715
226,0.14791300838388977,0.13325118015765702
227,0.07019618444994213,0.056411393375535246
228,0.11522718763753614,0.10101613585902447
229,0.07098713369440302,0.05702693129009884
230,0.12058106009771952,0.10634764896146498
231,0.06641911662007072,0.05245779231930747
232,0.1031803016386339,0.08921668265954197
233,0.17331084012845888,0.15897549958989554
234,0.10264043525868627,0.0883794562709388
235,0.08561924865155879,0.07151168289666443
236,0.09348846574663905,0.0793652763360988
237,0.07980600699553597,0.0657216642917402
238,0.09574955244264927,0.08161624129407685
239,0.09168087831570726,0.07762312425735929
240,0.089122716614632,0.07498349276877159
241,0.07270399552921081,0.05882485183941877
242,0.07153924393923061,0.057577517904153774
243,0.045097526137218846,0.03126383072187933
244,0.041396768095792735,0.027520581774181485
245,0.08345320915448284,0.06955485153587593
246,0.11210142032828774,0.09768410963495966
247,0.08324761327290942,0.06923065158885877
248,0.09601615615065562,0.08198650096540616
249,0.008526607209173642,-0.004899505442957808
250,0.11289454978356805,0.09859195443407365
251,0.10682477679239244,0.09260195422956019
252,0.057105130882243005,0.043116382584315716
253,0.11103678167050957,0.09679949490015494
254,0.08753862323275596,0.07351586286515199
255,0.04767606996388207,0.034054360910724446
256,0.06915266138603182,0.055261407144041375
257,0.07995676014912956,0.06592753527859219
258,0.01932521835437173,0.005662445847976594
259,0.014501452721846553,0.0011410460745577833
260,0.1059837412182485,0.09198069247071272
261,0.09515973481769757,0.08125668955382692
262,0.10996995096058604,0.0957799100414749
263,0.1481167535838901,0.13355562764282025
264,0.09503767194996438,0.08119030084530166
265,0.020759890055535246,0.0070486097562845185
266,0.10462968608498646,0.09034510331086265
267,0.08298939245441805,0.06902011132246799
268,0.04165702428625906,0.02780872947734947
269,0.031167968088048337,0.017737243514462264
270,0.07371476344381289,0.05981263762003808
271,0.11675780364379662,0.10246227217940107
272,0.04619585279752214,0.03263821904746966
273,0.044234647826559614,0.030543612378550966
274,0.06640885041468203,0.05246460520807017
275,0.030152245888578566,0.016580111743948134
276,0.09114417125482954,0.07693853365844205
277,0.07802896074736654,0.06391821778197104
278,0.13362866060996392,0.11934810469546586
279,0.12194548633839597,0.10757245542408267
280,0.04175950538924589,0.02794464936752572
281,0.10591737811746138,0.09160874615470127
282,0.0736636382912843,0.05967397445847333
283,0.09150442862235009,0.07734738650729578
284,0.07267495847442662,0.05867342182697133
285,0.111980546699326,0.0978219838375769
286,0.04631904309996315,0.0325372105520072
287,0.0829754112274308,0.06918666671465878
288,0.06895616243209957,0.054854021381111506
289,0.09386325336486134,0.07979877139921054
290,0.051184229233510514,0.037417379110423976
291,0.08720507327330651,0.07326828988671052
292,0.11826793868271568,0.10397176085725524
293,0.04536852767528354,0.031537507323223135
294,0.06204651308132236,0.048111515154174
295,0.11418975984475721,0.0999058819468317
296,0.007646158460842489,-0.005789094762159053
297,0.08542266938574139,0.07135363310053244
298,0.05392522040303627,0.04017217100587023
299,0.08388705537314856,0.06982761701951357
300,0.016713955518339985,0.0032466075357213686
301,0.04776734257747606,0.03395634366019684
302,0.10959427806881039,0.09549156486953048
303,0.09933677714125966,0.08541819572199016
304,0.05316811029085877,0.03918183593693936
305,0.10325544317069779,0.08921179249804867
306,0.12269335517668134,0.10845043320691161
307,0.09081164602891745,0.07680667704136823
308,0.0689633275208712,0.05523321167127149
309,0.09650911723589051,0.08245916351292837
310,0.05464034096647441,0.04072772486812881
311,0.05540572871516125,0.041593153423127305
312,0.057013535692064465,0.04295974129706859
313,0.10636914264725683,0.09217748636152523
314,0.19149514047932392,0.1765608965884078
315,0.09688663250712692,0.08275386623965764
316,0.07104361916078439,0.05713444163763537
317,0.035788823447075346,0.022167814719435963
318,0.07223814700440134,0.05859085593003388
319,0.09890962694620353,0.084745152491287
320,0.10233686289549881,0.08796249089613095
321,0.08999678657897636,0.0759447051049904
322,0.08040352557565766,0.06625853402106596
323,0.10711950505187406,0.09282804724045546
324,0.09978773660202322,0.08551997855355697
325,0.09677893444864694,0.08252742727595042
326,0.07791527150488187,0.06405886768055158
327,0.07626149283881944,0.06220496024721878
328,0.03028492890154233,0.016686655121072036
329,0.09531383228578494,0.08133493992032315
330,0.044751465870043416,0.031047808769725682
331,0.02922967896524553,0.015630421554240215
332,-0.010995880725216844,-0.02453496564678137
333,0.03709191911460241,0.02319880587342804
334,0.08019226290428794,0.06609058248220223
335,0.01134470204944349,-0.0021458739062404364
336,0.06620019408091271,0.052310059037359524
337,0.06685853827609045,0.05280153104286334
338,0.023776710270942303,0.010096726300180103
339,0.09813596582479311,0.08395357070072218
340,0.11512754069508868,0.10069711819812377
341,0.09562490089811782,0.08145774877158551
342,0.1132609279727621,0.09883801881571763
343,0.08080491506152887,0.06687298067895786
344,0.01485903503089192,0.001211138987312177
345,0.04581101138244925,0.03190239078939938
346,0.06502229725191966,0.05129508350857326
347,0.1606014622097467,0.14618661927932886
348,0.06366166814823626,0.049750585683161264
349,0.08721598488880766,0.07312847639604736
350,0.0503525666864435,0.03659461272139941
351,0.09634159947124732,0.08229996465338063
352,0.02660655352885577,0.01290704993744951
353,0.030296008119429008,0.016633436874076812
354,0.08681374295271249,0.07288782631581192
355,0.10940754133611996,0.0950043673297103
356,0.08892667015945976,0.07501090634182739
357,0.13600716285517978,0.1216702401289067
358,0.10626915437624018,0.09204417258405684
359,-0.01114586407049123,-0.024615831346280093
360,0.1576579338508899,0.14301050819112082
361,0.08812935458231563,0.07413149094106508
362,0.023668030392434147,0.010075532386226715
363,0.051626872235318366,0.037793169964368545
364,0.056033508501259766,0.04215090863381321
365,0.09419600191601085,0.07997279058892581
366,-0.004442475685201064,-0.017822645752555655
367,0.08351804967236087,0.06941282011559857
368,0.10607781511161418,0.09185911808395253
369,0.10998267261725303,0.09584999185319543
370,0.08911755057762871,0.07496242343332105
371,0.13266179057214122,0.11815598564825458
372,0.09803108002159511,0.08390317996657704
373,0.027672173764687003,0.013916649299733796
374,0.05356477560557771,0.03973890091303667
375,0.08202631543671912,0.06801191628244152
376,0.10605471965615387,0.0919024582968091
377,0.07228561945979739,0.05848686992814911
378,0.03255997765125884,0.018869637517646698
379,0.016934833524068438,0.0034140809012508377
380,0.06140637528226778,0.04756051439229525
381,0.06414498781031708,0.050260961879784016
382,0.12887343446864086,0.11485269172250057
383,0.10237945209749744,0.08815057527864645
384,0.07017840587505941,0.056347682554897416
385,0.13060325280337648,0.11609813684695292
386,0.06449417131769564,0.05047542727243659
387,0.06122611843084247,0.04739439037219828
388,0.07521330240932933,0.06113607920468156
389,0.07258775889630886,0.058753977574234284
390,0.03841432809671219,0.024577449000997342
391,0.08074873509967206,0.06685052264942626
392,0.0754839813578807,0.061517248306123484
393,0.01725405724988316,0.0035686911379062547
394,0.04946052302757731,0.03546687463489295
395,0.17948492458116005,0.16461803985945078
396,0.07303230865710941,0.05922005647346196
397,0.06097082749832694,0.04699671516925963
398,0.06910666354915862,0.05527948460747911
399,0.07933250733481656,0.06534209618909026
400,0.10326819245998498,0.08915769213952096
401,0.060686921487034695,0.04676239953426853
402,0.019286933608013923,0.005575039690343786
403,0.13538387267720942,0.12100779899801783
404,0.06704291168865262,0.05310194680471314
405,0.09052069805828045,0.07658516519866088
406,0.04193914098727802,0.02820991398086825
407,0.08954140716947223,0.07535209285177658
408,0.05474139468382311,0.04100790671935295
409,0.025361818741008957,0.011581395468438727
410,0.03403092387693141,0.02030926141406031
411,0.0868537939278835,0.07257690923136861
412,0.0574373895428113,0.04357525657036687
413,0.11132684939573734,0.09705737988898822
414,0.07507850125626914,0.06111745553441339
415,0.032838232154278835,0.019199604359481093
416,0.12649957488945862,0.11212077466333148
417,0.05746095187906297,0.04354964976168296
418,0.08450809319718733,0.07032338682154204
419,0.07609703772958687,0.062116632103845104
420,0.07118729877414132,0.05721099556064968
421,0.039869423266861714,0.02610506229765508
422,0.03879634472023974,0.025033942105987306
423,0.07861434901418685,0.06476923184417771
424,0.06937737690266044,0.055406662649788885
425,0.07260605109929452,0.05854863558028467
426,0.07193073462584132,0.058065757101001925
427,0.070831288409956,0.05673434721138704
428,0.04676580469717018,0.03315426731290594
429,0.06865898574918661,0.054890500320412094
430,0.01648105095036989,0.003000466145488989
431,0.08691820856428545,0.0730045110957922
432,0.0858444155505853,0.07164297833783317
433,0.11496585404429283,0.10059784710712583
434,0.05931905359381795,0.04530127148764329
435,0.0369293156290198,0.023402802871663964
436,0.05801676021045998,0.04420413887691388
437,0.05680165415574168,0.04295042162640228
438,0.06078762496146184,0.047081155105550554
439,0.03234705931850801,0.018637991828107436
440,0.08016271264656183,0.06631060973721548
441,0.1243905352823449,0.11003741300799019
442,0.021194248350376865,0.007571927688269309
443,0.04951330483548233,0.03566387784398661
444,0.09171506186717648,0.07772473898463406
445,0.04923839145417497,0.035391475667826855
446,0.06924808559808016,0.05539158059835336
447,0.089111357070357,0.07484652496110522
448,0.054129452256720834,0.0405200274848998
449,0.031290313653586255,0.017524434753029006
450,0.0987620788508301,0.08454883831430271
451,0.04480921662541948,0.031053360631144944
452,0.056192525615486044,0.04230735356604609
453,0.01746213174717992,0.0038242934618457625
454,0.03738950075123615,0.023855610979188313
455,0.07275391351359639,0.05886332194081478
456,0.06597220674109905,0.052095967968784684
457,0.08661911514644838,0.07256700187492382
458,0.09329825398457503,0.07934035896645764
459,0.044957627245562515,0.031068011550996477
460,0.09667445583515866,0.08260312920689272
461,0.06122144891636294,0.04758316025886833
462,0.1470735873292781,0.13264383758424514
463,0.02201523346713463,0.008366598352878674
464,0.13978721045692732,0.12548930311412865
465,0.003988898329475576,-0.00964462282373979
466,0.08299886342506468,0.0691248006383045
467,0.0757267140586908,0.0617501480976923
468,0.08170089439342276,0.0676662782777484
469,0.05087103180709418,0.037254509952790116
470,0.05956929852109849,0.045569644511596064
471,0.08512769090271788,0.07128575229946943
472,0.09171890278973094,0.07758516619422284
473,0.10969371897054248,0.09562197865953093
474,0.053339872710749026,0.03957038779117328
475,0.0476472370831309,0.03397934192391627
476,0.09480809795216527,0.08062297129806484
477,0.14083934347428162,0.12637264052552566
478,0.09952007251794703,0.08539388851860297
479,0.04110028190078263,0.02734000826139571
480,0.13703142659123824,0.12257245407758632
481,0.04489790316451914,0.03121053743778157
482,0.05655106733051851,0.042548824553540365
483,0.05183780767595225,0.03802084871749489
484,0.10090404685498044,0.08681297835897483
485,0.06607660034179674,0.05208617059812193
486,0.06476618551124247,0.05105193189117396
487,0.05681549689351284,0.04301131898765087
488,0.06610030582164006,0.05231765727891413
489,0.09347524090801995,0.07937745310818722
490,0.056471544029076615,0.0424089490777646
491,0.07763499461423096,0.06355398015682057
492,0.10481129542738898,0.09069336093738034
493,0.028877312492221918,0.015077877818926666
494,0.05772758692508462,0.043794600907300696
495,0.013910771349466167,0.000324869008194284
496,0.04923033271483246,0.035288446319705624
497,0.09774897509504843,0.08364127128233534
498,0.07696590454140351,0.06292338489723925
499,0.03849213968709586,0.024775639756709156
500,0.08802278178006828,0.0741954261982658
501,0.14128628836645385,0.12680573953042873
502,0.09119662341780099,0.0770225198535548
503,0.14662821945632998,0.13225575133223555
504,0.06314804323908296,0.049045399083599506
505,0.07448966852345196,0.06047840627377221
506,0.08080746350066481,0.06677104940740541
507,0.11491514248866852,0.10051297781265878
508,0.10594006187618565,0.091650990902445
509,0.10917810091304037,0.09486695686687252
510,0.041465620588745145,0.027864031594966532
511,-0.010037653788030676,-0.023497188591628748
512,0.04083266020320764,0.02700277002791651
513,0.043316751859099556,0.02962695736914367
514,0.04823215388733049,0.03445226413468894
515,0.07210251702362336,0.058227547762587095
516,0.037092737245100205,0.023378447649328837
517,0.10089445144449449,0.08682760687821967
518,0.04636357776279021,0.03266851817172256
519,0.05027470606876783,0.0362960526610967
520,0.0626387158399595,0.04876114528823372
521,0.04416718745067616,0.03029152345387165
522,0.050989886189891864,0.03725584282151084
523,0.05231939117072537,0.03852911880843002
524,0.08684697696699817,0.07272236634475338
525,0.06779129297040098,0.053747224309722785
526,0.0656438217990003,0.051827117008608425
527,-0.016512786204116336,-0.029868549613337292
528,0.05724223333474221,0.0435571669178858
529,0.09973015394056706,0.08556926666753206
530,0.03566473627022915,0.021917907659664282
531,0.06242951499295213,0.04852003263355731
532,0.13460773263690085,0.1203091936172267
533,0.06454772235499284,0.05086087553456631
534,0.06772198811233743,0.05375736824925026
535,0.0933839622180761,0.07926501445792722
536,0.052568905348166606,0.03883887152617205
537,0.05205455863981645,0.038196089355402085
538,0.12693245045308643,0.11241222586524824
539,0.04513805889663414,0.03131311806126624
540,0.12276330391995693,0.10829591892766244
541,0.09320551922509601,0.07907841341521471
542,0.04823056250293867,0.034297072075170965
543,0.15349576639661633,0.1390214672350567
544,0.08246568427158718,0.06848518655488678
545,0.054299460527761134,0.0405909574688883
546,0.10148827575801045,0.08731583743030047
547,0.07604573192555453,0.062095584060642306
548,0.13349127897991275,0.1191487640199822
549,0.050150626784028596,0.036375515939737424
550,0.10160297791536954,0.08748951838300445
551,0.07338292745845898,0.05939708294140278
552,0.04552292692407556,0.031774973107320026
553,0.08681131081826732,0.07302316804419973
554,0.09575859324279912,0.08156043726667384
555,0.04648207984855568,0.03262184151972414
556,0.0382720447791296,0.024614869113972926
557,0.0600691026522997,0.04624237363631756
558,0.14812491827474772,0.13362070381196056
559,0.10698654129855067,0.09293550604611389
560,0.043675775829443486,0.030015767606109245
561,0.14375117830455597,0.12923123780513657
562,0.09846927738536237,0.08416482971849515
563,-0.013764759374305657,-0.027188314894688204
564,0.05528953671324177,0.04155516796528036
565,0.07008838046947763,0.056109826316931954
566,0.14632086460546367,0.13191702980698605
567,0.1047491422340725,0.09058383956056426
568,0.04925659515163483,0.03532095431986826
569,0.1380104180941346,0.12348490161034853
570,0.06613812283033593,0.0523055205387728
571,0.09476181772074144,0.0804601369788065
572,0.13016606319128887,0.11596881329875464
573,0.06044797944414748,0.04670413854354405
574,0.028943333443159247,0.01525949640729607
575,0.10167112103928089,0.08744122327510118
576,0.06213425308300291,0.048194426245038224
577,0.07082068970025568,0.05680470419733341
578,0.059811357189755165,0.04579153315043416
579,0.030047128867069617,0.016242629225881267
580,0.06222421770935105,0.048393671251051984
581,0.06178595189156488,0.04805776078027879
582,0.11032742570787035,0.09612101701022979
583,0.0350095033893012,0.021236118834809137
584,0.09663988177571325,0.08258162964745464
585,0.01141110185293659,-0.001990951006648256
586,0.14839333121991038,0.1339911988885305
587,0.07492121671035723,0.0607716711264954
588,0.0950766293364016,0.08099738632663422
589,0.1373321754986072,0.12288734284242508
590,0.11048274789368184,0.09634149614171794
591,0.051498368646017534,0.03776137013569025
592,0.07572115176087246,0.0616291014465169
593,0.03863759053373905,0.02483402737180751
594,0.10868045967678741,0.09441009883556717
595,0.14821883189739804,0.13395710508983671
596,0.001924247589226713,-0.01160317813761269
597,0.05270413296032839,0.03888653799325947
598,0.06268037650455027,0.04864831798364233
599,0.09992173793602754,0.08573928730593705
600,0.1365504603802532,0.12218784361003565
601,0.021082490456320935,0.00743357267599265
602,0.09603773541227212,0.08184642024578226
603,0.07183134262377822,0.05796838103344415
604,0.042254475097424304,0.028521220102437406
605,0.05495910564513218,0.04100075048200069
606,0.05602539412345875,0.04233783753806497
607,0.029827866711954032,0.015895535639399494
608,0.0704676664779409,0.05644465337800808
609,0.024467012467262794,0.010890291298521593
610,0.08613561662029756,0.07211234613421502
611,0.06377858796262026,0.04975260782796154
612,0.0600139127147834,0.04614400161368537
613,0.06066174001143909,0.04671903949699563
614,0.0753996235033283,0.061357504609278024
615,0.08082014668345772,0.06693033605123433
616,0.1265594985535421,0.1122271028018631
617,0.05184700564499911,0.03821222509393363
618,0.00028873271139406853,-0.013249163791234975
619,0.08458600188545917,0.07050264461510758
620,0.02701201090627614,0.013304627325789964
621,0.09668586532224177,0.08249334813274212
622,0.055957120051076226,0.04224431018250252
623,0.12543817073874197,0.11105885790193626
624,0.042306062942086387,0.028754273531719665
625,0.06373664884618302,0.049767847285620004
626,0.09442054110613385,0.08036836469819142
627,0.07687852313596455,0.06290221722540279
628,0.13413275570212213,0.119693547804961
629,0.08716110338686867,0.07321774767004774
630,0.0983695159874427,0.08428692400648896
631,0.04330328287044116,0.02940231885930511
632,0.0778604943863137,0.06398101919603327
633,0.14556095583960293,0.13113506682698683
634,0.06211028020342213,0.048303872548697724
635,0.09868201441911473,0.0844733483295852
636,0.05707233663142652,0.04324232675226369
637,0.12661029595801598,0.11250405610679204
638,0.11405834143465676,0.09980492264759122
639,0.024539523321604806,0.01093843401143113
640,0.06785456567799719,0.05401499926641318
641,0.05650979664989575,0.0425822504194846
642,0.028964892741414783,0.015423878479380537
643,0.12234832199536028,0.10806340559295169
644,0.10373174847781463,0.08960257836417407
645,0.12455926568491238,0.11018625137954641
646,0.13302423861422086,0.11855904338294954
647,0.04024746429709358,0.02670072014109448
648,0.07394546042571215,0.059871393116825766
649,0.018800816631136197,0.005155334070138462
650,0.026158499317516792,0.01248545952504343
651,0.11962382053153653,0.1053947391789718
652,0.045281323323720146,0.03156342958715053
653,0.04445530330071423,0.030680089391613707
654,0.07136132892986802,0.05736192961357567
655,0.033628389672415215,0.019735957595061304
656,0.06940564429618634,0.055618020173030525
657,0.12357947996906082,0.1089930162931092
658,0.08312147687237892,0.06905052598495476
659,0.07177600983896193,0.05779652232515997
660,0.13523340442003562,0.12078445189293863
661,0.09893853746033421,0.08505765780270313
662,0.07059730571512879,0.056527857498193335
663,0.09481016826891708,0.08070783716381036
664,0.008047408189346905,-0.005557263670771362
665,0.06981598991201543,0.05595438090596061
666,0.12249918377636404,0.10814524409540804
667,0.062411935532198815,0.048619519533469324
668,0.12676541636031513,0.11228071920766003
669,0.06210226920100048,0.0481829192887282
670,0.08661248849126224,0.07262783672153494
671,0.07999467108030167,0.06586314697714779
672,0.03898048154742639,0.02530565658787598
673,0.06465825217451693,0.0508579775500555
674,0.06225957936609694,0.04836279923998865
675,0.13383319036956376,0.1194931508018846
676,0.06641483588279407,0.052352772558889704
677,0.08152203541432179,0.06754218435829751
678,0.09721679408289252,0.08322480220347317
679,0.07355172926974451,0.05941171858857297
680,0.05512123970896221,0.04139529858663815
681,0.13092671427617808,0.11665156657171583
682,0.04567165363722503,0.03204493645284301
683,0.12125913378311592,0.10708912927716963
684,0.017081857699873026,0.003436364571033801
685,0.1232814038035197,0.1091278799390385
686,0.08187156420624464,0.06788519948487992
687,0.060402407307064365,0.04647076674242867
688,0.059161681172030134,0.04546764877640119
689,0.05791493654044477,0.044226398894723795
690,0.0784918547206972,0.06467525537989816
691,0.146249750357355,0.13186990952652233
692,0.09185236180479261,0.07771595037159829
693,-0.01116257900601536,-0.024668907065640178
694,0.08634801429770644,0.07258308037990502
695,0.10244954824534314,0.0882093792790064
696,0.06652655068312718,0.05252236743907579
697,0.03388576044628455,0.02025911486551424
698,0.07807406288092733,0.06392532774019899
699,0.06828550258720889,0.05431194071871226
700,0.09483555472566385,0.08083148290588671
701,0.06267586416744697,0.04865414256663114
702,0.0831248392283852,0.06901298518195031
703,0.060582859137905176,0.04666571793917962
704,0.041062226662400336,0.02720368133471207
705,0.07933922951979966,0.06529154275842619
706,0.04923660522452922,0.03558096991633741
707,0.06933273607577539,0.05518601726530692
708,0.07916693536249086,0.06493920057816926
709,0.16266770155949173,0.14809320374235013
710,0.05128767419935465,0.03744892870168259
711,0.07326586071956309,0.05938386126901296
712,0.14034228771891533,0.1260580677881693
713,0.040198962880395595,0.026413723029855785
714,0.11153163511247177,0.0973489033732089
715,0.11388938618585098,0.09973679089837684
716,0.08487551254652903,0.07080622125699132
717,0.06318197751357157,0.04942947150058297
718,0.009046082631875896,-0.004432446544729296
719,0.07527426441183693,0.06149857311202567
720,0.05395908937705962,0.04016610088156458
721,0.049876562697060756,0.036175686931837925
722,0.11057102637364924,0.09624387661258837
723,0.00418165150706562,-0.009294661360145118
724,0.08937753020241157,0.07522950946342011
725,0.050798067257625146,0.03699549441904515
726,0.04325668481487166,0.029467918644240587
727,0.03461398422363371,0.02093631231463422
728,0.0771902062137062,0.06327641431809483
729,0.08396664410506749,0.06972536443998689
730,0.03378876659063179,0.020018227586180437
731,0.05784406293305744,0.04393864230670408
732,0.10360793214583963,0.08979567291319901
733,0.10338878763246195,0.08927013286817531
734,0.08019255799075076,0.06613324173562485
735,0.06064402576859318,0.046813866345185584
736,0.07000365410664178,0.056011351076900695
737,0.11355303825466456,0.09936771850868031
738,0.05772199750377238,0.0439339719558689
739,0.07009481577670917,0.05619739279695146
740,0.14082467431689483,0.1265492879530974
741,0.028123124528382615,0.014380394273894703
742,0.1070842739913982,0.09302633958369078
743,0.04630888298935831,0.03252842734420591
744,0.02695614275957081,0.013259026836488275
745,-0.005395876921167164,-0.01890334782855385
746,-0.006099377509060755,-0.01970527243479303
747,0.09030862977212273,0.07625620483699791
748,0.017893752548818753,0.004519964269860788
749,0.017262149290359075,0.0035301703185006694
750,0.04649418526541149,0.03260535423473798
751,0.054703816395694105,0.040968422741250565
752,0.0790582559498505,0.06498222514149066
753,0.07174744980028747,0.05778417086249177
754,0.11274774326620451,0.09866152819522322
755,0.12094256053118313,0.10668261317374328
756,0.06257507556911235,0.048590418062764984
757,0.02164334535196044,0.007913389051783515
758,0.03417931885695058,0.020468189542982795
759,0.11329493842505567,0.09893041488815602
760,0.10285590376897802,0.08861788997874709
761,0.0959672206816653,0.08180831154147583
762,0.10922110869646606,0.09482491326800035
763,0.046981524737431446,0.03323424726581492
764,-0.003230149915330771,-0.01673553033713948
765,0.13881275756802758,0.12444078040924178
766,0.05820216238791298,0.044322153334357406
767,0.0834213945035922,0.06947656322530338
768,0.034982816196079014,0.02129489719814881
769,0.05367143808817487,0.039685094457132086
770,0.04167719697307559,0.028026779504567667
771,0.01564549700053619,0.0020153855306113133
772,0.11703864914261097,0.10267184763319337
773,0.08058717000752558,0.0666861697809904
774,0.05536177585740165,0.041508489272577664
775,0.015368197573857323,0.0016507122420150733
776,0.09805052021266181,0.08393927409792767
777,0.01597377317077897,0.0023918842124148743
778,0.03780520303347901,0.02428512417960005
779,0.11414755662022258,0.0998381484568327
780,0.07933450880834791,0.06556898185992033
781,0.08043641215648001,0.06653449268124056
782,0.07373099789013282,0.059577628537581084
783,0.09345967774207486,0.07928614648164034
784,0.0647168422262705,0.05084387234375454
785,0.086155402657758,0.07225446763184995
786,0.04095779827237078,0.027165928805796824
787,0.07531892218566805,0.061514220829493205
788,0.1419580338808013,0.12751716751794073
789,0.06360014788100177,0.04957238807566999
790,0.10745158158851664,0.09328559874198117
791,0.03889598548616058,0.02513779513672909
792,0.0510367933824345,0.03713714084555031
793,0.032961283640748684,0.019490179273244923
794,0.022799990099855005,0.009104590362000398
795,0.022905083861248787,0.009290931153661086
796,0.04271960201764724,0.02891993120254921
797,0.07410092183863237,0.06005347698727226
798,0.06941000039740475,0.05558263248235429
799,0.07777856992350318,0.06367746803306695
800,0.06787848589256384,0.05392842707729506
801,0.047207574543813635,0.033384936525990616
802,0.08002300806865725,0.06616635033678864
803,-0.017745214230709405,-0.03095150116038692
804,0.05641930270652451,0.04249627423087521
805,0.11303614506075399,0.09855557471618348
806,0.07974849485409519,0.06582758234292418
807,0.05750203332272252,0.043515169964202016
808,0.039518938524200076,0.02574614141877296
809,0.024884518611247852,0.01107989826933986
810,0.046199311401528664,0.032198704427140346
811,0.10736443358250924,0.09308664505168807
812,0.08746712270662571,0.07346717325587826
813,0.07087619444760551,0.05691022554813241
814,0.08956713464052868,0.07546914041468189
815,0.02187901787799995,0.008121662487544423
816,0.03573073050928954,0.02195297251809669
817,0.07116200491221325,0.05738158229053458
818,0.12125806693748942,0.10692987346933869
819,0.016428535004426648,0.002835920654762125
820,0.10521574358147956,0.0909387316714152
821,0.07387209605041645,0.05974700274803135
822,0.07129012094997655,0.057317670466735526
823,0.05982510214949799,0.04587282841292861
824,0.08142499905967804,0.06723478948701911
825,0.017523108268832077,0.003931613715317139
826,0.044089704019793174,0.030453998753474876
827,0.035798183402515615,0.02205651464401015
828,0.05825296277635439,0.044321981541405986
829,0.06256740730791499,0.048835312717147916
830,0.047107484915833275,0.033249877094363
831,0.09698014472617222,0.0829106822851744
832,0.03604920194336625,0.02222146476792508
833,0.015853973067393667,0.0021090994207104696
834,0.05493244244245976,0.04092030041403594
835,0.07702400221898342,0.06289177648160948
836,0.14706102852939562,0.1325935023302276
837,0.056066630871526524,0.04217784497751342
838,0.09405795915355752,0.079948570500179
839,0.08380887786251368,0.06978182963672008
840,0.07782598977835509,0.06389838983719365
841,0.024969136936755065,0.011266090965732944
842,0.0548548864239804,0.04098173941678973
843,0.03046870415105518,0.016839032237792706
844,0.07383631486061315,0.05994960038026176
845,0.06916526225823239,0.05515999766390989
846,0.1443899241138349,0.12979602527556278
847,0.1294115580845432,0.11531612386670376
848,0.07029236900251412,0.0562966451087763
849,0.077237094759258,0.06325109549573815
850,0.049403652410975774,0.03532732377494585
851,0.1020585391080191,0.08770325005593338
852,0.07513844346274956,0.0612836515478985
853,0.05606106179135817,0.042201346317784605
854,0.08177246737034927,0.06771809437654963
855,0.04916748976881036,0.03543739583735239
856,0.09765663217448273,0.08350418086533762
857,0.0005831014899719822,-0.012858408382820263
858,0.0522734609482951,0.0384055140924322
859,0.02061944622295009,0.007230314814534511
860,0.03638434209137098,0.02261313959259348
861,0.07693832768038966,0.06285688660661348
862,0.0919512737302417,0.07776323934297946
863,0.12406650917666617,0.10978368562897978
864,0.09827137265822117,0.08399879848821445
865,0.04173279854908585,0.02795333655105048
866,0.16908033219254825,0.1546501933640907
867,0.035907403785241376,0.022219853910872667
868,0.11402603910394804,0.09968553956845416
869,0.0569983305791566,0.043123785417953586
870,0.05042233131664631,0.03666476085528192
871,0.029258913211238635,0.015498610742090024
872,0.08520723871059,0.07114339336141251
873,0.08233173670178551,0.0682614126127048
874,0.023966310429078153,0.010410379741511822
875,0.10050249106463394,0.08635772897667948
876,0.06000925546451663,0.04602752476122651
877,0.06735881116456399,0.05358471161796552
878,0.08789704386036457,0.07364663373977542
879,0.04215785079597367,0.028178329919758438
880,0.09681978072885822,0.08254216071503873
881,0.04335632248640042,0.029645107537640047
882,0.0966792654827493,0.08259100505935457
883,0.08051751869356805,0.06653987768667258
884,0.11076568044764024,0.0965155225354406
885,0.07737776223052273,0.06346799034896478
886,0.01166345728770568,-0.0020435948643339197
887,0.043224881878957344,0.02941372368286599
888,0.04826695102739298,0.03439135483946698
889,0.10386177122147222,0.08956854398594927
890,0.11388224865807928,0.0996015590824817
891,0.04458673202828667,0.0308179478542987
892,0.06904062749163908,0.055175223871875456
893,0.11225686148461289,0.09810094558593341
894,0.10913471913724027,0.09476430058997964
895,0.10224461652397543,0.08818410177453373
896,0.024813036359914165,0.011072129152928545
897,0.15459788614227965,0.14014802242689894
898,0.07333614180891601,0.05923568781348809
899,0.0840776859412633,0.07009663498293706
900,0.06650409165909021,0.05257262082699632
901,0.0769984344470902,0.06301600166797083
902,0.11097569735156054,0.09671344523852476
903,0.08615929321914706,0.07188788909057564
904,0.046682337000688356,0.032898898911478014
905,0.06346735936897896,0.0497745143412478
906,0.14294470091685474,0.1285329414401366
907,0.03222390514160778,0.01845626705552683
908,0.04674838036722506,0.032934234536524
909,0.10558022834902636,0.09146596899222947
910,0.06014598566707763,0.04634233482737793
911,0.11118222348745754,0.09688427874369476
912,0.05418660453133395,0.04035372942344462
913,0.12243299190339085,0.10833308308610756
914,0.07082957100775356,0.0568950752884021
915,0.06407784392753402,0.04996170351809637
916,0.05116148814243915,0.03734137076369848
917,0.005454178926877606,-0.007953464214303652
918,0.00861320125255105,-0.004837959861697216
919,0.11476816696732595,0.10039044989178492
920,0.038681103438746645,0.024929842513377043
921,0.04608547619276515,0.032330600126555975
922,0.08695308104141142,0.07288585435410244
923,0.03999483735137255,0.026236280996934758
924,0.05066545055593652,0.03695371577498152
925,0.12331876580968992,0.10881888371714044
926,0.07658508347232296,0.0624298263087133
927,0.10381481891601418,0.08965508549887335
928,0.05874353631972595,0.045154850650644285
929,0.04586731586273496,0.032381390957282985
930,0.09719726025875453,0.08292827299543193
931,0.12563042197656604,0.11131262563084188
932,0.10162819596542638,0.08764931478595583
933,0.014054132361003058,0.000415179494961615
934,0.034647157954408536,0.021017878053842365
935,0.01661429751580279,0.0030631996751393498
936,0.03408770848678899,0.020285313002769367
937,0.003620453177021643,-0.009781676748160217
938,0.11427194756231684,0.09998109559274826
939,0.03987374018674217,0.02606554147192708
940,0.08394101104560714,0.07006540018505314
941,0.08458574780870931,0.07062202042691168
942,0.0892878950728262,0.07514632445716574
943,0.10313590351892676,0.08919776969055437
944,0.02360170330221112,0.010003618954708804
945,0.04927722577449134,0.0354173468724126
946,0.08016583526434018,0.06618364404805166
947,0.08076811648094373,0.06653424369974137
948,0.06996923906058439,0.055966454531051424
949,0.037356910650349295,0.023658995558658358
950,0.08543164286569982,0.07160459224266291
951,0.05988800949760398,0.04607043996638249
952,0.141664293609151,0.12735359159151538
953,0.08291152177259575,0.06894970787568377
954,0.045880777522267824,0.0319704986341669
955,0.040326300974793394,0.02662455870131919
956,0.04822190561363171,0.03438259343640371
957,0.12399041933571042,0.1099217262359391
958,0.07142742539221869,0.05731441983411023
959,0.03024212884059785,0.01654020926603028
960,0.11631284340824566,0.10197486741770234
961,0.04938557951447842,0.0355532602481492
962,0.02805228665504922,0.01430406365678416
963,0.022943985975669046,0.00939346270552388
964,0.06624958038251427,0.052415928709987014
965,0.15812303016360563,0.14355347199510193
966,0.11425861986222396,0.09997522490029409
967,0.05643943557786901,0.04248868184228716
968,0.05063239536455644,0.036741100832579754
969,0.014781193597510844,0.0012142001693851157
970,0.06650787973780714,0.05257686147692531
971,0.06339648597131364,0.04941546885791226
972,0.06317758623745995,0.049138831582502096
973,0.10247256440444152,0.08824248254441902
974,0.05919861231129464,0.04545826583927992
975,0.07099789159532688,0.0570592805330723
976,0.052601260158023244,0.038779104604857784
977,0.047609486988912986,0.03371721098174074
978,0.03474062696510827,0.020958585747608005
979,0.06822090159126626,0.05415084827800287
980,0.08357893759354074,0.06947555467870403
981,0.06573187345130727,0.05197615017032442
982,0.09028087016097608,0.07612342560086716
983,0.05977165897507297,0.04595163171906047
984,0.09825333303384487,0.08425510971826422
985,0.05161065568424439,0.03757276522001929
986,0.039624364645915566,0.025717170625021657
987,0.07339408962292016,0.059416114603242365
988,0.03354757143070142,0.019745118120145788
989,0.09746463092997093,0.08350074686928921
990,0.04069150630841056,0.026841402030967076
991,0.06269592910813393,0.048852922993625425
992,0.05740025902100987,0.043503608855635756
993,0.043742768688760814,0.030036025899127905
994,0.10888165577362408,0.09452796947194542
995,0.07231078757837905,0.05830143497868834
996,0.018007793953677353,0.004206043628501188
997,0.04260257639682963,0.028922942643295757
998,0.11063591902959335,0.09641722058448088
999,0.05779423998222244,0.04414648259932208
