신호일,구분,종목,기존_source,재수집_source,기존_시총,재수집_시총,배율,기존_주식수,재수집_주식수,L2유니버스_포함
2016-04-05,값불일치,123010,fdr_shares,fdr_shares,30622006800.0,111651681141.0,0.274264,34797735,20215767,False
2016-04-05,값불일치,199800,fdr_shares,fdr_shares,249234323300.0,185279176368.0,1.345183,8997629,8997629,False
2016-04-05,값불일치,210120,fdr_shares,fdr_shares,74021257812.0,29608502514.0,2.5,24237478,9694991,False
2016-04-05,기존에만,222160,fdr_shares,,,,,,,False
2016-04-05,기존에만,062580,fdr_shares,,,,,,,False
2016-04-05,기존에만,063840,fdr_shares,,,,,,,False
2016-04-05,기존에만,135160,fdr_shares,,,,,,,False
2016-04-05,기존에만,150440,fdr_shares,,,,,,,False
2016-04-05,기존에만,156170,fdr_shares,,,,,,,False
2016-04-05,기존에만,183350,fdr_shares,,,,,,,False
2016-04-05,기존에만,183410,fdr_shares,,,,,,,False
2016-04-05,기존에만,204990,fdr_shares,,,,,,,False
2016-04-05,기존에만,207230,fdr_shares,,,,,,,False
2016-04-05,기존에만,210610,fdr_shares,,,,,,,False
2016-04-05,기존에만,215050,fdr_shares,,,,,,,False
2016-04-05,기존에만,224090,fdr_shares,,,,,,,False
2016-04-05,기존에만,225850,fdr_shares,,,,,,,False
2016-04-05,기존에만,235090,fdr_shares,,,,,,,False
2016-04-05,기존에만,237720,fdr_shares,,,,,,,False
2016-04-05,기존에만,091270,fdr_shares,,,,,,,False
2016-04-05,기존에만,103650,fdr_shares,,,,,,,False
2016-04-05,기존에만,110660,fdr_shares,,,,,,,False
2016-04-05,기존에만,144630,fdr_shares,,,,,,,False
2016-04-05,기존에만,144740,fdr_shares,,,,,,,False
2016-04-05,기존에만,165270,fdr_shares,,,,,,,False
2016-04-05,기존에만,179440,fdr_shares,,,,,,,False
2016-04-05,기존에만,189700,fdr_shares,,,,,,,False
2016-04-05,기존에만,192240,fdr_shares,,,,,,,False
2016-04-05,기존에만,194860,fdr_shares,,,,,,,False
2016-04-05,기존에만,199870,fdr_shares,,,,,,,False
2016-04-05,기존에만,204690,fdr_shares,,,,,,,False
2016-04-05,기존에만,220250,fdr_shares,,,,,,,False
2016-04-05,기존에만,222520,fdr_shares,,,,,,,False
2016-04-05,기존에만,230400,fdr_shares,,,,,,,False
2016-04-05,기존에만,232290,fdr_shares,,,,,,,False
2016-04-05,기존에만,232360,fdr_shares,,,,,,,False
2016-04-05,기존에만,233190,fdr_shares,,,,,,,False
2016-04-05,기존에만,085980,fdr_shares,,,,,,,False
2016-04-05,기존에만,086460,fdr_shares,,,,,,,False
2016-04-05,기존에만,135270,fdr_shares,,,,,,,False
2016-04-05,기존에만,138290,fdr_shares,,,,,,,False
2016-04-05,기존에만,140290,fdr_shares,,,,,,,False
2016-04-05,기존에만,158300,fdr_shares,,,,,,,False
2016-04-05,기존에만,185280,fdr_shares,,,,,,,False
2016-04-05,기존에만,189540,fdr_shares,,,,,,,False
2016-04-05,기존에만,216280,fdr_shares,,,,,,,False
2016-04-05,기존에만,220110,fdr_shares,,,,,,,False
2016-04-05,기존에만,226610,fdr_shares,,,,,,,False
2016-04-05,기존에만,228180,fdr_shares,,,,,,,False
2016-08-18,값불일치,199800,fdr_shares,fdr_shares,247434797500.0,183938529647.0,1.345204,8997629,8997629,False
2016-08-18,값불일치,210120,fdr_shares,fdr_shares,93750564904.0,37500225188.0,2.5,24237478,9694991,False
2016-08-18,기존에만,062580,fdr_shares,,,,,,,False
2016-08-18,기존에만,135160,fdr_shares,,,,,,,False
2016-08-18,기존에만,150440,fdr_shares,,,,,,,False
2016-08-18,기존에만,156170,fdr_shares,,,,,,,False
2016-08-18,기존에만,183350,fdr_shares,,,,,,,False
2016-08-18,기존에만,183410,fdr_shares,,,,,,,False
2016-08-18,기존에만,204990,fdr_shares,,,,,,,False
2016-08-18,기존에만,210610,fdr_shares,,,,,,,False
2016-08-18,기존에만,215050,fdr_shares,,,,,,,False
2016-08-18,기존에만,225850,fdr_shares,,,,,,,False
2016-08-18,기존에만,229480,fdr_shares,,,,,,,False
2016-08-18,기존에만,230400,fdr_shares,,,,,,,False
2016-08-18,기존에만,232290,fdr_shares,,,,,,,False
2016-08-18,기존에만,232360,fdr_shares,,,,,,,False
2016-08-18,기존에만,233190,fdr_shares,,,,,,,False
2016-08-18,기존에만,242420,fdr_shares,,,,,,,False
2016-08-18,기존에만,242850,fdr_shares,,,,,,,False
2016-08-18,기존에만,245030,fdr_shares,,,,,,,False
2016-08-18,기존에만,246830,fdr_shares,,,,,,,False
2016-08-18,기존에만,247300,fdr_shares,,,,,,,False
2016-08-18,기존에만,222160,fdr_shares,,,,,,,False
2016-08-18,기존에만,085980,fdr_shares,,,,,,,False
2016-08-18,기존에만,086460,fdr_shares,,,,,,,False
2016-08-18,기존에만,135270,fdr_shares,,,,,,,False
2016-08-18,기존에만,138290,fdr_shares,,,,,,,False
2016-08-18,기존에만,140290,fdr_shares,,,,,,,False
2016-08-18,기존에만,158300,fdr_shares,,,,,,,False
2016-08-18,기존에만,185280,fdr_shares,,,,,,,False
2016-08-18,기존에만,189540,fdr_shares,,,,,,,False
2016-08-18,기존에만,216280,fdr_shares,,,,,,,False
2016-08-18,기존에만,226610,fdr_shares,,,,,,,False
2016-08-18,기존에만,228180,fdr_shares,,,,,,,False
2016-08-18,기존에만,241510,fdr_shares,,,,,,,False
2016-08-18,기존에만,091270,fdr_shares,,,,,,,False
2016-08-18,기존에만,110660,fdr_shares,,,,,,,False
2016-08-18,기존에만,144630,fdr_shares,,,,,,,False
2016-08-18,기존에만,144740,fdr_shares,,,,,,,False
2016-08-18,기존에만,165270,fdr_shares,,,,,,,False
2016-08-18,기존에만,189700,fdr_shares,,,,,,,False
2016-08-18,기존에만,192240,fdr_shares,,,,,,,False
2016-08-18,기존에만,194860,fdr_shares,,,,,,,False
2016-08-18,기존에만,199870,fdr_shares,,,,,,,False
2016-08-18,기존에만,204690,fdr_shares,,,,,,,False
2016-08-18,기존에만,220110,fdr_shares,,,,,,,False
2016-08-18,기존에만,220250,fdr_shares,,,,,,,False
2016-08-18,기존에만,222520,fdr_shares,,,,,,,False
2016-08-18,기존에만,224020,fdr_shares,,,,,,,False
2016-08-18,기존에만,235090,fdr_shares,,,,,,,False
2016-08-18,기존에만,237720,fdr_shares,,,,,,,False
2016-08-18,기존에만,240340,fdr_shares,,,,,,,False
2016-08-18,기존에만,250300,fdr_shares,,,,,,,False
2017-04-05,값불일치,148780,fdr_shares,fdr_shares,463824443750.0,19307675150.0,24.022801,31445725,6289145,False
2017-04-05,값불일치,199800,fdr_shares,fdr_shares,440883821000.0,327756631583.0,1.345156,8997629,8997629,False
2017-04-05,값불일치,210120,fdr_shares,fdr_shares,85679484730.0,34271793185.0,2.5,24237478,9694991,False
2017-04-05,기존에만,085980,fdr_shares,,,,,,,False
2017-04-05,기존에만,086460,fdr_shares,,,,,,,False
2017-04-05,기존에만,135270,fdr_shares,,,,,,,False
2017-04-05,기존에만,138290,fdr_shares,,,,,,,False
2017-04-05,기존에만,140290,fdr_shares,,,,,,,False
2017-04-05,기존에만,158300,fdr_shares,,,,,,,False
2017-04-05,기존에만,189540,fdr_shares,,,,,,,False
2017-04-05,기존에만,216280,fdr_shares,,,,,,,False
2017-04-05,기존에만,226610,fdr_shares,,,,,,,False
2017-04-05,기존에만,228180,fdr_shares,,,,,,,False
2017-04-05,기존에만,241510,fdr_shares,,,,,,,False
2017-04-05,기존에만,242350,fdr_shares,,,,,,,False
2017-04-05,기존에만,252940,fdr_shares,,,,,,,False
2017-04-05,기존에만,256090,fdr_shares,,,,,,,False
2017-04-05,기존에만,258250,fdr_shares,,,,,,,False
2017-04-05,기존에만,258540,fdr_shares,,,,,,,False
2017-04-05,기존에만,091270,fdr_shares,,,,,,,False
2017-04-05,기존에만,110660,fdr_shares,,,,,,,False
2017-04-05,기존에만,144740,fdr_shares,,,,,,,False
2017-04-05,기존에만,148140,fdr_shares,,,,,,,False
2017-04-05,기존에만,165270,fdr_shares,,,,,,,False
2017-04-05,기존에만,167380,fdr_shares,,,,,,,False
2017-04-05,기존에만,189700,fdr_shares,,,,,,,False
2017-04-05,기존에만,194860,fdr_shares,,,,,,,False
2017-04-05,기존에만,199870,fdr_shares,,,,,,,False
2017-04-05,기존에만,220110,fdr_shares,,,,,,,False
2017-04-05,기존에만,220250,fdr_shares,,,,,,,False
2017-04-05,기존에만,224020,fdr_shares,,,,,,,False
2017-04-05,기존에만,229480,fdr_shares,,,,,,,False
2017-04-05,기존에만,230400,fdr_shares,,,,,,,False
2017-04-05,기존에만,232290,fdr_shares,,,,,,,False
2017-04-05,기존에만,232360,fdr_shares,,,,,,,False
2017-04-05,기존에만,242420,fdr_shares,,,,,,,False
2017-04-05,기존에만,242850,fdr_shares,,,,,,,False
2017-04-05,기존에만,245030,fdr_shares,,,,,,,False
2017-04-05,기존에만,246830,fdr_shares,,,,,,,False
2017-04-05,기존에만,247300,fdr_shares,,,,,,,False
2017-04-05,기존에만,260490,fdr_shares,,,,,,,False
2017-04-05,기존에만,222160,fdr_shares,,,,,,,False
2017-04-05,기존에만,062580,fdr_shares,,,,,,,False
2017-04-05,기존에만,120780,fdr_shares,,,,,,,False
2017-04-05,기존에만,135160,fdr_shares,,,,,,,False
2017-04-05,기존에만,150440,fdr_shares,,,,,,,False
2017-04-05,기존에만,156170,fdr_shares,,,,,,,False
2017-04-05,기존에만,183350,fdr_shares,,,,,,,False
2017-04-05,기존에만,183410,fdr_shares,,,,,,,False
2017-04-05,기존에만,204690,fdr_shares,,,,,,,False
2017-04-05,기존에만,205290,fdr_shares,,,,,,,False
2017-04-05,기존에만,210610,fdr_shares,,,,,,,False
2017-04-05,기존에만,215050,fdr_shares,,,,,,,False
2017-04-05,기존에만,225850,fdr_shares,,,,,,,False
2017-04-05,기존에만,233190,fdr_shares,,,,,,,False
2017-04-05,기존에만,235090,fdr_shares,,,,,,,False
2017-04-05,기존에만,237720,fdr_shares,,,,,,,False
2017-04-05,기존에만,240340,fdr_shares,,,,,,,False
2017-04-05,기존에만,250300,fdr_shares,,,,,,,False
2017-04-05,기존에만,251960,fdr_shares,,,,,,,False
2017-04-05,기존에만,252370,fdr_shares,,,,,,,False
2017-08-18,값불일치,148780,fdr_shares,fdr_shares,628914500000.0,26175421490.0,24.02691,31445725,6289145,False
2017-08-18,값불일치,199800,fdr_shares,fdr_shares,305469504550.0,227082160702.0,1.345194,8997629,8997629,False
2017-08-18,값불일치,210120,fdr_shares,fdr_shares,87279158278.0,34911662591.0,2.5,24237478,9694991,False
2017-08-18,기존에만,085980,fdr_shares,,,,,,,False
2017-08-18,기존에만,086460,fdr_shares,,,,,,,False
2017-08-18,기존에만,135270,fdr_shares,,,,,,,False
2017-08-18,기존에만,138290,fdr_shares,,,,,,,False
2017-08-18,기존에만,140290,fdr_shares,,,,,,,False
2017-08-18,기존에만,158300,fdr_shares,,,,,,,False
2017-08-18,기존에만,189540,fdr_shares,,,,,,,False
2017-08-18,기존에만,215050,fdr_shares,,,,,,,False
2017-08-18,기존에만,216280,fdr_shares,,,,,,,False
2017-08-18,기존에만,225860,fdr_shares,,,,,,,False
2017-08-18,기존에만,226610,fdr_shares,,,,,,,False
2017-08-18,기존에만,228180,fdr_shares,,,,,,,False
2017-08-18,기존에만,241510,fdr_shares,,,,,,,False
2017-08-18,기존에만,242350,fdr_shares,,,,,,,False
2017-08-18,기존에만,252940,fdr_shares,,,,,,,False
2017-08-18,기존에만,256090,fdr_shares,,,,,,,False
2017-08-18,기존에만,258250,fdr_shares,,,,,,,False
2017-08-18,기존에만,258540,fdr_shares,,,,,,,False
2017-08-18,기존에만,271400,fdr_shares,,,,,,,False
2017-08-18,기존에만,271850,fdr_shares,,,,,,,False
2017-08-18,기존에만,091270,fdr_shares,,,,,,,False
2017-08-18,기존에만,110660,fdr_shares,,,,,,,False
2017-08-18,기존에만,144740,fdr_shares,,,,,,,False
2017-08-18,기존에만,148140,fdr_shares,,,,,,,False
2017-08-18,기존에만,167380,fdr_shares,,,,,,,False
2017-08-18,기존에만,176560,fdr_shares,,,,,,,False
2017-08-18,기존에만,189700,fdr_shares,,,,,,,False
2017-08-18,기존에만,199870,fdr_shares,,,,,,,False
2017-08-18,기존에만,220110,fdr_shares,,,,,,,False
2017-08-18,기존에만,220250,fdr_shares,,,,,,,False
2017-08-18,기존에만,221670,fdr_shares,,,,,,,False
2017-08-18,기존에만,224020,fdr_shares,,,,,,,False
2017-08-18,기존에만,229480,fdr_shares,,,,,,,False
2017-08-18,기존에만,230400,fdr_shares,,,,,,,False
2017-08-18,기존에만,232290,fdr_shares,,,,,,,False
2017-08-18,기존에만,242420,fdr_shares,,,,,,,False
2017-08-18,기존에만,242850,fdr_shares,,,,,,,False
2017-08-18,기존에만,245030,fdr_shares,,,,,,,False
2017-08-18,기존에만,246830,fdr_shares,,,,,,,False
2017-08-18,기존에만,247300,fdr_shares,,,,,,,False
2017-08-18,기존에만,260490,fdr_shares,,,,,,,False
2017-08-18,기존에만,266870,fdr_shares,,,,,,,False
2017-08-18,기존에만,272420,fdr_shares,,,,,,,False
2017-08-18,기존에만,222160,fdr_shares,,,,,,,False
2017-08-18,기존에만,062580,fdr_shares,,,,,,,False
2017-08-18,기존에만,120780,fdr_shares,,,,,,,False
2017-08-18,기존에만,135160,fdr_shares,,,,,,,False
2017-08-18,기존에만,150440,fdr_shares,,,,,,,False
2017-08-18,기존에만,183350,fdr_shares,,,,,,,False
2017-08-18,기존에만,183410,fdr_shares,,,,,,,False
2017-08-18,기존에만,205290,fdr_shares,,,,,,,False
2017-08-18,기존에만,210610,fdr_shares,,,,,,,False
2017-08-18,기존에만,224880,fdr_shares,,,,,,,False
2017-08-18,기존에만,225850,fdr_shares,,,,,,,False
2017-08-18,기존에만,233190,fdr_shares,,,,,,,False
2017-08-18,기존에만,235090,fdr_shares,,,,,,,False
2017-08-18,기존에만,237720,fdr_shares,,,,,,,False
2017-08-18,기존에만,240340,fdr_shares,,,,,,,False
2017-08-18,기존에만,250300,fdr_shares,,,,,,,False
2017-08-18,기존에만,251540,fdr_shares,,,,,,,False
2017-08-18,기존에만,251960,fdr_shares,,,,,,,False
2017-08-18,기존에만,252370,fdr_shares,,,,,,,False
2017-08-18,기존에만,267810,fdr_shares,,,,,,,False
2018-04-04,값불일치,148780,fdr_shares,fdr_shares,1037708925000.0,43200137005.0,24.020964,31445725,6289145,False
2018-04-04,값불일치,199800,fdr_shares,fdr_shares,1196684657000.0,889649565004.0,1.345119,8997629,8997629,False
2018-04-04,값불일치,210120,fdr_shares,fdr_shares,81462163558.0,32584864751.0,2.5,24237478,9694991,False
2018-04-04,기존에만,086460,fdr_shares,,,,,,,False
2018-04-04,기존에만,135270,fdr_shares,,,,,,,False
2018-04-04,기존에만,138290,fdr_shares,,,,,,,False
2018-04-04,기존에만,140290,fdr_shares,,,,,,,False
2018-04-04,기존에만,158300,fdr_shares,,,,,,,False
2018-04-04,기존에만,189540,fdr_shares,,,,,,,False
2018-04-04,기존에만,215050,fdr_shares,,,,,,,False
2018-04-04,기존에만,216280,fdr_shares,,,,,,,False
2018-04-04,기존에만,224880,fdr_shares,,,,,,,False
2018-04-04,기존에만,225850,fdr_shares,,,,,,,False
2018-04-04,기존에만,235090,fdr_shares,,,,,,,False
2018-04-04,기존에만,237720,fdr_shares,,,,,,,False
2018-04-04,기존에만,250300,fdr_shares,,,,,,,False
2018-04-04,기존에만,251540,fdr_shares,,,,,,,False
2018-04-04,기존에만,251960,fdr_shares,,,,,,,False
2018-04-04,기존에만,252370,fdr_shares,,,,,,,False
2018-04-04,기존에만,267060,fdr_shares,,,,,,,False
2018-04-04,기존에만,267810,fdr_shares,,,,,,,False
2018-04-04,기존에만,284610,fdr_shares,,,,,,,False
2018-04-04,기존에만,285770,fdr_shares,,,,,,,False
2018-04-04,기존에만,222160,fdr_shares,,,,,,,False
2018-04-04,기존에만,091270,fdr_shares,,,,,,,False
2018-04-04,기존에만,110660,fdr_shares,,,,,,,False
2018-04-04,기존에만,144740,fdr_shares,,,,,,,False
2018-04-04,기존에만,167380,fdr_shares,,,,,,,False
2018-04-04,기존에만,176560,fdr_shares,,,,,,,False
2018-04-04,기존에만,220110,fdr_shares,,,,,,,False
2018-04-04,기존에만,220250,fdr_shares,,,,,,,False
2018-04-04,기존에만,221670,fdr_shares,,,,,,,False
2018-04-04,기존에만,224020,fdr_shares,,,,,,,False
2018-04-04,기존에만,228180,fdr_shares,,,,,,,False
2018-04-04,기존에만,229480,fdr_shares,,,,,,,False
2018-04-04,기존에만,230400,fdr_shares,,,,,,,False
2018-04-04,기존에만,242420,fdr_shares,,,,,,,False
2018-04-04,기존에만,242850,fdr_shares,,,,,,,False
2018-04-04,기존에만,245030,fdr_shares,,,,,,,False
2018-04-04,기존에만,246830,fdr_shares,,,,,,,False
2018-04-04,기존에만,247300,fdr_shares,,,,,,,False
2018-04-04,기존에만,266870,fdr_shares,,,,,,,False
2018-04-04,기존에만,272420,fdr_shares,,,,,,,False
2018-04-04,기존에만,281310,fdr_shares,,,,,,,False
2018-04-04,기존에만,284420,fdr_shares,,,,,,,False
2018-04-04,기존에만,062580,fdr_shares,,,,,,,False
2018-04-04,기존에만,120780,fdr_shares,,,,,,,False
2018-04-04,기존에만,135160,fdr_shares,,,,,,,False
2018-04-04,기존에만,150440,fdr_shares,,,,,,,False
2018-04-04,기존에만,183350,fdr_shares,,,,,,,False
2018-04-04,기존에만,183410,fdr_shares,,,,,,,False
2018-04-04,기존에만,205290,fdr_shares,,,,,,,False
2018-04-04,기존에만,210610,fdr_shares,,,,,,,False
2018-04-04,기존에만,225860,fdr_shares,,,,,,,False
2018-04-04,기존에만,226610,fdr_shares,,,,,,,False
2018-04-04,기존에만,240340,fdr_shares,,,,,,,False
2018-04-04,기존에만,241510,fdr_shares,,,,,,,False
2018-04-04,기존에만,242350,fdr_shares,,,,,,,False
2018-04-04,기존에만,252940,fdr_shares,,,,,,,False
2018-04-04,기존에만,258250,fdr_shares,,,,,,,False
2018-04-04,기존에만,258540,fdr_shares,,,,,,,False
2018-04-04,기존에만,270020,fdr_shares,,,,,,,False
2018-04-04,기존에만,271400,fdr_shares,,,,,,,False
2018-04-04,기존에만,271850,fdr_shares,,,,,,,False
2018-08-20,값불일치,148780,fdr_shares,fdr_shares,227667049000.0,47382418430.0,4.804885,31445725,6289145,False
2018-08-20,값불일치,199800,fdr_shares,fdr_shares,1124703625000.0,836131667712.0,1.345127,8997629,8997629,False
2018-08-20,값불일치,210120,fdr_shares,fdr_shares,49299030252.0,19719611694.0,2.5,24237478,9694991,False
2018-08-20,기존에만,086080,fdr_shares,,,,,,,False
2018-08-20,기존에만,086460,fdr_shares,,,,,,,False
2018-08-20,기존에만,135270,fdr_shares,,,,,,,False
2018-08-20,기존에만,138290,fdr_shares,,,,,,,False
2018-08-20,기존에만,158300,fdr_shares,,,,,,,False
2018-08-20,기존에만,163430,fdr_shares,,,,,,,False
2018-08-20,기존에만,189540,fdr_shares,,,,,,,False
2018-08-20,기존에만,215050,fdr_shares,,,,,,,False
2018-08-20,기존에만,216280,fdr_shares,,,,,,,False
2018-08-20,기존에만,225860,fdr_shares,,,,,,,False
2018-08-20,기존에만,226610,fdr_shares,,,,,,,False
2018-08-20,기존에만,240340,fdr_shares,,,,,,,False
2018-08-20,기존에만,241510,fdr_shares,,,,,,,False
2018-08-20,기존에만,242350,fdr_shares,,,,,,,False
2018-08-20,기존에만,252370,fdr_shares,,,,,,,False
2018-08-20,기존에만,258250,fdr_shares,,,,,,,False
2018-08-20,기존에만,258540,fdr_shares,,,,,,,False
2018-08-20,기존에만,270020,fdr_shares,,,,,,,False
2018-08-20,기존에만,271400,fdr_shares,,,,,,,False
2018-08-20,기존에만,271850,fdr_shares,,,,,,,False
2018-08-20,기존에만,299670,fdr_shares,,,,,,,False
2018-08-20,기존에만,222160,fdr_shares,,,,,,,False
2018-08-20,기존에만,062580,fdr_shares,,,,,,,False
2018-08-20,기존에만,110660,fdr_shares,,,,,,,False
2018-08-20,기존에만,120780,fdr_shares,,,,,,,False
2018-08-20,기존에만,135160,fdr_shares,,,,,,,False
2018-08-20,기존에만,150440,fdr_shares,,,,,,,False
2018-08-20,기존에만,183350,fdr_shares,,,,,,,False
2018-08-20,기존에만,183410,fdr_shares,,,,,,,False
2018-08-20,기존에만,205290,fdr_shares,,,,,,,False
2018-08-20,기존에만,210610,fdr_shares,,,,,,,False
2018-08-20,기존에만,224020,fdr_shares,,,,,,,False
2018-08-20,기존에만,224880,fdr_shares,,,,,,,False
2018-08-20,기존에만,225850,fdr_shares,,,,,,,False
2018-08-20,기존에만,237720,fdr_shares,,,,,,,False
2018-08-20,기존에만,247300,fdr_shares,,,,,,,False
2018-08-20,기존에만,250300,fdr_shares,,,,,,,False
2018-08-20,기존에만,251540,fdr_shares,,,,,,,False
2018-08-20,기존에만,251960,fdr_shares,,,,,,,False
2018-08-20,기존에만,267060,fdr_shares,,,,,,,False
2018-08-20,기존에만,267810,fdr_shares,,,,,,,False
2018-08-20,기존에만,284610,fdr_shares,,,,,,,False
2018-08-20,기존에만,285770,fdr_shares,,,,,,,False
2018-08-20,기존에만,140290,fdr_shares,,,,,,,False
2018-08-20,기존에만,167380,fdr_shares,,,,,,,False
2018-08-20,기존에만,176560,fdr_shares,,,,,,,False
2018-08-20,기존에만,220110,fdr_shares,,,,,,,False
2018-08-20,기존에만,220250,fdr_shares,,,,,,,False
2018-08-20,기존에만,221670,fdr_shares,,,,,,,False
2018-08-20,기존에만,228180,fdr_shares,,,,,,,False
2018-08-20,기존에만,229480,fdr_shares,,,,,,,False
2018-08-20,기존에만,230400,fdr_shares,,,,,,,False
2018-08-20,기존에만,242420,fdr_shares,,,,,,,False
2018-08-20,기존에만,242850,fdr_shares,,,,,,,False
2018-08-20,기존에만,245030,fdr_shares,,,,,,,False
2018-08-20,기존에만,262760,fdr_shares,,,,,,,False
2018-08-20,기존에만,266870,fdr_shares,,,,,,,False
2018-08-20,기존에만,272420,fdr_shares,,,,,,,False
2018-08-20,기존에만,281310,fdr_shares,,,,,,,False
2018-08-20,기존에만,284420,fdr_shares,,,,,,,False
2019-04-03,값불일치,314130,fdr_shares,fdr_shares,821383999693.0,950855845925.0,0.863837,45178153,52299425,False
2019-04-03,값불일치,148780,fdr_shares,fdr_shares,73740225125.0,15345513800.0,4.805328,31445725,6289145,False
2019-04-03,값불일치,199800,fdr_shares,fdr_shares,850275940500.0,632110430137.0,1.345138,8997629,8997629,False
2019-04-03,값불일치,210120,fdr_shares,fdr_shares,26830888146.0,10732355037.0,2.5,24237478,9694991,False
2019-04-03,기존에만,222160,fdr_shares,,,,,,,False
2019-04-03,기존에만,140290,fdr_shares,,,,,,,False
2019-04-03,기존에만,176560,fdr_shares,,,,,,,False
2019-04-03,기존에만,220110,fdr_shares,,,,,,,False
2019-04-03,기존에만,220250,fdr_shares,,,,,,,False
2019-04-03,기존에만,221670,fdr_shares,,,,,,,False
2019-04-03,기존에만,228180,fdr_shares,,,,,,,False
2019-04-03,기존에만,229480,fdr_shares,,,,,,,False
2019-04-03,기존에만,230400,fdr_shares,,,,,,,False
2019-04-03,기존에만,242850,fdr_shares,,,,,,,False
2019-04-03,기존에만,258540,fdr_shares,,,,,,,False
2019-04-03,기존에만,262760,fdr_shares,,,,,,,False
2019-04-03,기존에만,266870,fdr_shares,,,,,,,False
2019-04-03,기존에만,281310,fdr_shares,,,,,,,False
2019-04-03,기존에만,284420,fdr_shares,,,,,,,False
2019-04-03,기존에만,308700,fdr_shares,,,,,,,False
2019-04-03,기존에만,311840,fdr_shares,,,,,,,False
2019-04-03,기존에만,120780,fdr_shares,,,,,,,False
2019-04-03,기존에만,122050,fdr_shares,,,,,,,False
2019-04-03,기존에만,135160,fdr_shares,,,,,,,False
2019-04-03,기존에만,150440,fdr_shares,,,,,,,False
2019-04-03,기존에만,183350,fdr_shares,,,,,,,False
2019-04-03,기존에만,183410,fdr_shares,,,,,,,False
2019-04-03,기존에만,205290,fdr_shares,,,,,,,False
2019-04-03,기존에만,210610,fdr_shares,,,,,,,False
2019-04-03,기존에만,224020,fdr_shares,,,,,,,False
2019-04-03,기존에만,224880,fdr_shares,,,,,,,False
2019-04-03,기존에만,247300,fdr_shares,,,,,,,False
2019-04-03,기존에만,251960,fdr_shares,,,,,,,False
2019-04-03,기존에만,267060,fdr_shares,,,,,,,False
2019-04-03,기존에만,267810,fdr_shares,,,,,,,False
2019-04-03,기존에만,284610,fdr_shares,,,,,,,False
2019-04-03,기존에만,285770,fdr_shares,,,,,,,False
2019-04-03,기존에만,086080,fdr_shares,,,,,,,False
2019-04-03,기존에만,086460,fdr_shares,,,,,,,False
2019-04-03,기존에만,135270,fdr_shares,,,,,,,False
2019-04-03,기존에만,158300,fdr_shares,,,,,,,False
2019-04-03,기존에만,163430,fdr_shares,,,,,,,False
2019-04-03,기존에만,189540,fdr_shares,,,,,,,False
2019-04-03,기존에만,215050,fdr_shares,,,,,,,False
2019-04-03,기존에만,216280,fdr_shares,,,,,,,False
2019-04-03,기존에만,225850,fdr_shares,,,,,,,False
2019-04-03,기존에만,225860,fdr_shares,,,,,,,False
2019-04-03,기존에만,226610,fdr_shares,,,,,,,False
2019-04-03,기존에만,240340,fdr_shares,,,,,,,False
2019-04-03,기존에만,241510,fdr_shares,,,,,,,False
2019-04-03,기존에만,242350,fdr_shares,,,,,,,False
2019-04-03,기존에만,252370,fdr_shares,,,,,,,False
2019-04-03,기존에만,258250,fdr_shares,,,,,,,False
2019-04-03,기존에만,270020,fdr_shares,,,,,,,False
2019-04-03,기존에만,271400,fdr_shares,,,,,,,False
2019-04-03,기존에만,271780,fdr_shares,,,,,,,False
2019-04-03,기존에만,271850,fdr_shares,,,,,,,False
2019-04-03,기존에만,288490,fdr_shares,,,,,,,False
2019-04-03,기존에만,299670,fdr_shares,,,,,,,False
2019-08-20,값불일치,314130,fdr_shares,fdr_shares,860463102038.0,996094848550.0,0.863837,45178153,52299425,False
2019-08-20,값불일치,148780,fdr_shares,fdr_shares,62262535500.0,12943060410.0,4.810496,31445725,6289145,False
2019-08-20,값불일치,199800,fdr_shares,fdr_shares,451680975800.0,335782516651.0,1.345159,8997629,8997629,False
2019-08-20,값불일치,210120,fdr_shares,fdr_shares,21013893426.0,8405557197.0,2.5,24237478,9694991,False
2019-08-20,기존에만,222160,fdr_shares,,,,,,,False
2019-08-20,기존에만,120780,fdr_shares,,,,,,,False
2019-08-20,기존에만,122050,fdr_shares,,,,,,,False
2019-08-20,기존에만,135160,fdr_shares,,,,,,,False
2019-08-20,기존에만,158300,fdr_shares,,,,,,,False
2019-08-20,기존에만,163430,fdr_shares,,,,,,,False
2019-08-20,기존에만,189540,fdr_shares,,,,,,,False
2019-08-20,기존에만,220110,fdr_shares,,,,,,,False
2019-08-20,기존에만,220250,fdr_shares,,,,,,,False
2019-08-20,기존에만,228180,fdr_shares,,,,,,,False
2019-08-20,기존에만,230400,fdr_shares,,,,,,,False
2019-08-20,기존에만,267060,fdr_shares,,,,,,,False
2019-08-20,기존에만,267810,fdr_shares,,,,,,,False
2019-08-20,기존에만,284610,fdr_shares,,,,,,,False
2019-08-20,기존에만,285770,fdr_shares,,,,,,,False
2019-08-20,기존에만,086080,fdr_shares,,,,,,,False
2019-08-20,기존에만,086460,fdr_shares,,,,,,,False
2019-08-20,기존에만,135270,fdr_shares,,,,,,,False
2019-08-20,기존에만,150440,fdr_shares,,,,,,,False
2019-08-20,기존에만,183350,fdr_shares,,,,,,,False
2019-08-20,기존에만,183410,fdr_shares,,,,,,,False
2019-08-20,기존에만,205290,fdr_shares,,,,,,,False
2019-08-20,기존에만,210610,fdr_shares,,,,,,,False
2019-08-20,기존에만,224020,fdr_shares,,,,,,,False
2019-08-20,기존에만,224880,fdr_shares,,,,,,,False
2019-08-20,기존에만,247300,fdr_shares,,,,,,,False
2019-08-20,기존에만,251960,fdr_shares,,,,,,,False
2019-08-20,기존에만,258540,fdr_shares,,,,,,,False
2019-08-20,기존에만,266870,fdr_shares,,,,,,,False
2019-08-20,기존에만,278380,fdr_shares,,,,,,,False
2019-08-20,기존에만,281310,fdr_shares,,,,,,,False
2019-08-20,기존에만,284420,fdr_shares,,,,,,,False
2019-08-20,기존에만,308700,fdr_shares,,,,,,,False
2019-08-20,기존에만,309900,fdr_shares,,,,,,,False
2019-08-20,기존에만,311840,fdr_shares,,,,,,,False
2019-08-20,기존에만,140290,fdr_shares,,,,,,,False
2019-08-20,기존에만,215050,fdr_shares,,,,,,,False
2019-08-20,기존에만,216280,fdr_shares,,,,,,,False
2019-08-20,기존에만,225850,fdr_shares,,,,,,,False
2019-08-20,기존에만,225860,fdr_shares,,,,,,,False
2019-08-20,기존에만,226610,fdr_shares,,,,,,,False
2019-08-20,기존에만,240340,fdr_shares,,,,,,,False
2019-08-20,기존에만,241510,fdr_shares,,,,,,,False
2019-08-20,기존에만,242350,fdr_shares,,,,,,,False
2019-08-20,기존에만,252370,fdr_shares,,,,,,,False
2019-08-20,기존에만,258250,fdr_shares,,,,,,,False
2019-08-20,기존에만,270020,fdr_shares,,,,,,,False
2019-08-20,기존에만,271400,fdr_shares,,,,,,,False
2019-08-20,기존에만,271780,fdr_shares,,,,,,,False
2019-08-20,기존에만,271850,fdr_shares,,,,,,,False
2019-08-20,기존에만,288490,fdr_shares,,,,,,,False
2019-08-20,기존에만,299670,fdr_shares,,,,,,,False
2019-08-20,기존에만,327970,fdr_shares,,,,,,,False
2019-08-20,기존에만,329050,fdr_shares,,,,,,,False
2020-04-03,값불일치,314130,fdr_shares,fdr_shares,661137091002.0,765349785450.0,0.863837,45178153,52299425,False
2020-04-03,값불일치,148780,fdr_shares,fdr_shares,29433198600.0,6106759795.0,4.819773,31445725,6289145,False
2020-04-03,값불일치,199800,fdr_shares,fdr_shares,271728395800.0,202005768679.0,1.345152,8997629,8997629,False
2020-04-03,값불일치,210120,fdr_shares,fdr_shares,9355666508.0,3742266526.0,2.5,24237478,9694991,False
2020-04-03,기존에만,086080,fdr_shares,,,,,,,False
2020-04-03,기존에만,086460,fdr_shares,,,,,,,False
2020-04-03,기존에만,158300,fdr_shares,,,,,,,False
2020-04-03,기존에만,163430,fdr_shares,,,,,,,False
2020-04-03,기존에만,189540,fdr_shares,,,,,,,False
2020-04-03,기존에만,215050,fdr_shares,,,,,,,False
2020-04-03,기존에만,216280,fdr_shares,,,,,,,False
2020-04-03,기존에만,225850,fdr_shares,,,,,,,False
2020-04-03,기존에만,225860,fdr_shares,,,,,,,False
2020-04-03,기존에만,240340,fdr_shares,,,,,,,False
2020-04-03,기존에만,241510,fdr_shares,,,,,,,False
2020-04-03,기존에만,242350,fdr_shares,,,,,,,False
2020-04-03,기존에만,258250,fdr_shares,,,,,,,False
2020-04-03,기존에만,270020,fdr_shares,,,,,,,False
2020-04-03,기존에만,271780,fdr_shares,,,,,,,False
2020-04-03,기존에만,271850,fdr_shares,,,,,,,False
2020-04-03,기존에만,288490,fdr_shares,,,,,,,False
2020-04-03,기존에만,299670,fdr_shares,,,,,,,False
2020-04-03,기존에만,222160,fdr_shares,,,,,,,False
2020-04-03,기존에만,120780,fdr_shares,,,,,,,False
2020-04-03,기존에만,135160,fdr_shares,,,,,,,False
2020-04-03,기존에만,150440,fdr_shares,,,,,,,False
2020-04-03,기존에만,183350,fdr_shares,,,,,,,False
2020-04-03,기존에만,183410,fdr_shares,,,,,,,False
2020-04-03,기존에만,205290,fdr_shares,,,,,,,False
2020-04-03,기존에만,224020,fdr_shares,,,,,,,False
2020-04-03,기존에만,224880,fdr_shares,,,,,,,False
2020-04-03,기존에만,238170,fdr_shares,,,,,,,False
2020-04-03,기존에만,251960,fdr_shares,,,,,,,False
2020-04-03,기존에만,267060,fdr_shares,,,,,,,False
2020-04-03,기존에만,267810,fdr_shares,,,,,,,False
2020-04-03,기존에만,284420,fdr_shares,,,,,,,False
2020-04-03,기존에만,284610,fdr_shares,,,,,,,False
2020-04-03,기존에만,285770,fdr_shares,,,,,,,False
2020-04-03,기존에만,327970,fdr_shares,,,,,,,False
2020-04-03,기존에만,329050,fdr_shares,,,,,,,False
2020-04-03,기존에만,341310,fdr_shares,,,,,,,False
2020-04-03,기존에만,140290,fdr_shares,,,,,,,False
2020-04-03,기존에만,220110,fdr_shares,,,,,,,False
2020-04-03,기존에만,220250,fdr_shares,,,,,,,False
2020-04-03,기존에만,228180,fdr_shares,,,,,,,False
2020-04-03,기존에만,258540,fdr_shares,,,,,,,False
2020-04-03,기존에만,266870,fdr_shares,,,,,,,False
2020-04-03,기존에만,278380,fdr_shares,,,,,,,False
2020-04-03,기존에만,281310,fdr_shares,,,,,,,False
2020-04-03,기존에만,308700,fdr_shares,,,,,,,False
2020-04-03,기존에만,309900,fdr_shares,,,,,,,False
2020-08-20,값불일치,314130,fdr_shares,fdr_shares,801370077914.0,927687200650.0,0.863837,45178153,52299425,False
2020-08-20,값불일치,344860,fdr_shares,fdr_shares,12330750000.0,14790750000.0,0.83368,12030000,14430000,False
2020-08-20,값불일치,148780,fdr_shares,fdr_shares,108487751250.0,22565452260.0,4.807692,31445725,6289145,False
2020-08-20,값불일치,199800,fdr_shares,fdr_shares,527261059400.0,391972709756.0,1.345147,8997629,8997629,False
2020-08-20,값불일치,210120,fdr_shares,fdr_shares,9355666508.0,3742266526.0,2.5,24237478,9694991,False
2020-08-20,기존에만,222160,fdr_shares,,,,,,,False
2020-08-20,기존에만,086080,fdr_shares,,,,,,,False
2020-08-20,기존에만,086460,fdr_shares,,,,,,,False
2020-08-20,기존에만,158300,fdr_shares,,,,,,,False
2020-08-20,기존에만,163430,fdr_shares,,,,,,,False
2020-08-20,기존에만,215050,fdr_shares,,,,,,,False
2020-08-20,기존에만,216280,fdr_shares,,,,,,,False
2020-08-20,기존에만,225850,fdr_shares,,,,,,,False
2020-08-20,기존에만,225860,fdr_shares,,,,,,,False
2020-08-20,기존에만,240340,fdr_shares,,,,,,,False
2020-08-20,기존에만,241510,fdr_shares,,,,,,,False
2020-08-20,기존에만,242350,fdr_shares,,,,,,,False
2020-08-20,기존에만,258250,fdr_shares,,,,,,,False
2020-08-20,기존에만,270020,fdr_shares,,,,,,,False
2020-08-20,기존에만,271780,fdr_shares,,,,,,,False
2020-08-20,기존에만,271850,fdr_shares,,,,,,,False
2020-08-20,기존에만,288490,fdr_shares,,,,,,,False
2020-08-20,기존에만,299670,fdr_shares,,,,,,,False
2020-08-20,기존에만,343090,fdr_shares,,,,,,,False
2020-08-20,기존에만,348840,fdr_shares,,,,,,,False
2020-08-20,기존에만,354230,fdr_shares,,,,,,,False
2020-08-20,기존에만,140290,fdr_shares,,,,,,,False
2020-08-20,기존에만,258540,fdr_shares,,,,,,,False
2020-08-20,기존에만,266870,fdr_shares,,,,,,,False
2020-08-20,기존에만,278380,fdr_shares,,,,,,,False
2020-08-20,기존에만,281310,fdr_shares,,,,,,,False
2020-08-20,기존에만,308700,fdr_shares,,,,,,,False
2020-08-20,기존에만,309900,fdr_shares,,,,,,,False
2020-08-20,기존에만,120780,fdr_shares,,,,,,,False
2020-08-20,기존에만,135160,fdr_shares,,,,,,,False
2020-08-20,기존에만,150440,fdr_shares,,,,,,,False
2020-08-20,기존에만,183410,fdr_shares,,,,,,,False
2020-08-20,기존에만,224020,fdr_shares,,,,,,,False
2020-08-20,기존에만,224880,fdr_shares,,,,,,,False
2020-08-20,기존에만,238170,fdr_shares,,,,,,,False
2020-08-20,기존에만,251960,fdr_shares,,,,,,,False
2020-08-20,기존에만,267060,fdr_shares,,,,,,,False
2020-08-20,기존에만,267810,fdr_shares,,,,,,,False
2020-08-20,기존에만,284420,fdr_shares,,,,,,,False
2020-08-20,기존에만,284610,fdr_shares,,,,,,,False
2020-08-20,기존에만,285770,fdr_shares,,,,,,,False
2020-08-20,기존에만,327970,fdr_shares,,,,,,,False
2020-08-20,기존에만,329020,fdr_shares,,,,,,,False
2020-08-20,기존에만,329050,fdr_shares,,,,,,,False
2020-08-20,기존에만,341310,fdr_shares,,,,,,,False
2021-04-05,값불일치,344860,fdr_shares,fdr_shares,24601350000.0,29509350000.0,0.83368,12030000,14430000,False
2021-04-05,값불일치,148780,fdr_shares,fdr_shares,213516472750.0,44439098570.0,4.804699,31445725,6289145,False
2021-04-05,값불일치,199800,fdr_shares,fdr_shares,924056498300.0,686968974150.0,1.345121,8997629,8997629,False
2021-04-05,값불일치,210120,fdr_shares,fdr_shares,22007630024.0,8803051828.0,2.5,24237478,9694991,False
2021-04-05,기존에만,222160,fdr_shares,,,,,,,False
2021-04-05,기존에만,086460,fdr_shares,,,,,,,False
2021-04-05,기존에만,140290,fdr_shares,,,,,,,False
2021-04-05,기존에만,258250,fdr_shares,,,,,,,False
2021-04-05,기존에만,270020,fdr_shares,,,,,,,False
2021-04-05,기존에만,271850,fdr_shares,,,,,,,False
2021-04-05,기존에만,288490,fdr_shares,,,,,,,False
2021-04-05,기존에만,299670,fdr_shares,,,,,,,False
2021-04-05,기존에만,343090,fdr_shares,,,,,,,False
2021-04-05,기존에만,348840,fdr_shares,,,,,,,False
2021-04-05,기존에만,354230,fdr_shares,,,,,,,False
2021-04-05,기존에만,086080,fdr_shares,,,,,,,False
2021-04-05,기존에만,158300,fdr_shares,,,,,,,False
2021-04-05,기존에만,163430,fdr_shares,,,,,,,False
2021-04-05,기존에만,183410,fdr_shares,,,,,,,False
2021-04-05,기존에만,215050,fdr_shares,,,,,,,False
2021-04-05,기존에만,216280,fdr_shares,,,,,,,False
2021-04-05,기존에만,225850,fdr_shares,,,,,,,False
2021-04-05,기존에만,225860,fdr_shares,,,,,,,False
2021-04-05,기존에만,240340,fdr_shares,,,,,,,False
2021-04-05,기존에만,242350,fdr_shares,,,,,,,False
2021-04-05,기존에만,258540,fdr_shares,,,,,,,False
2021-04-05,기존에만,266870,fdr_shares,,,,,,,False
2021-04-05,기존에만,281310,fdr_shares,,,,,,,False
2021-04-05,기존에만,308700,fdr_shares,,,,,,,False
2021-04-05,기존에만,309900,fdr_shares,,,,,,,False
2021-04-05,기존에만,322190,fdr_shares,,,,,,,False
2021-04-05,기존에만,120780,fdr_shares,,,,,,,False
2021-04-05,기존에만,135160,fdr_shares,,,,,,,False
2021-04-05,기존에만,150440,fdr_shares,,,,,,,False
2021-04-05,기존에만,224020,fdr_shares,,,,,,,False
2021-04-05,기존에만,224880,fdr_shares,,,,,,,False
2021-04-05,기존에만,238170,fdr_shares,,,,,,,False
2021-04-05,기존에만,267060,fdr_shares,,,,,,,False
2021-04-05,기존에만,267810,fdr_shares,,,,,,,False
2021-04-05,기존에만,284420,fdr_shares,,,,,,,False
2021-04-05,기존에만,285770,fdr_shares,,,,,,,False
2021-04-05,기존에만,286000,fdr_shares,,,,,,,False
2021-04-05,기존에만,327970,fdr_shares,,,,,,,False
2021-04-05,기존에만,329020,fdr_shares,,,,,,,False
2021-04-05,기존에만,329050,fdr_shares,,,,,,,False
2021-04-05,기존에만,341310,fdr_shares,,,,,,,False
2021-08-19,값불일치,344860,fdr_shares,fdr_shares,93834000000.0,112554000000.0,0.83368,12030000,14430000,False
2021-08-19,값불일치,148780,fdr_shares,fdr_shares,268860948750.0,55960812210.0,4.80445,31445725,6289145,False
2021-08-19,값불일치,199800,fdr_shares,fdr_shares,1162493666800.0,864222265450.0,1.345133,8997629,8997629,False
2021-08-19,값불일치,210120,fdr_shares,fdr_shares,38295215240.0,15318085780.0,2.5,24237478,9694991,False
2021-08-19,기존에만,086460,fdr_shares,,,,,,,False
2021-08-19,기존에만,140290,fdr_shares,,,,,,,False
2021-08-19,기존에만,225850,fdr_shares,,,,,,,False
2021-08-19,기존에만,225860,fdr_shares,,,,,,,False
2021-08-19,기존에만,240340,fdr_shares,,,,,,,False
2021-08-19,기존에만,242350,fdr_shares,,,,,,,False
2021-08-19,기존에만,258540,fdr_shares,,,,,,,False
2021-08-19,기존에만,266870,fdr_shares,,,,,,,False
2021-08-19,기존에만,281310,fdr_shares,,,,,,,False
2021-08-19,기존에만,288490,fdr_shares,,,,,,,False
2021-08-19,기존에만,299670,fdr_shares,,,,,,,False
2021-08-19,기존에만,343090,fdr_shares,,,,,,,False
2021-08-19,기존에만,348840,fdr_shares,,,,,,,False
2021-08-19,기존에만,354230,fdr_shares,,,,,,,False
2021-08-19,기존에만,135160,fdr_shares,,,,,,,False
2021-08-19,기존에만,150440,fdr_shares,,,,,,,False
2021-08-19,기존에만,224020,fdr_shares,,,,,,,False
2021-08-19,기존에만,238170,fdr_shares,,,,,,,False
2021-08-19,기존에만,267060,fdr_shares,,,,,,,False
2021-08-19,기존에만,267810,fdr_shares,,,,,,,False
2021-08-19,기존에만,285770,fdr_shares,,,,,,,False
2021-08-19,기존에만,286000,fdr_shares,,,,,,,False
2021-08-19,기존에만,327970,fdr_shares,,,,,,,False
2021-08-19,기존에만,329020,fdr_shares,,,,,,,False
2021-08-19,기존에만,341310,fdr_shares,,,,,,,False
2021-08-19,기존에만,222160,fdr_shares,,,,,,,False
2021-08-19,기존에만,086080,fdr_shares,,,,,,,False
2021-08-19,기존에만,158300,fdr_shares,,,,,,,False
2021-08-19,기존에만,163430,fdr_shares,,,,,,,False
2021-08-19,기존에만,183410,fdr_shares,,,,,,,False
2021-08-19,기존에만,215050,fdr_shares,,,,,,,False
2021-08-19,기존에만,216280,fdr_shares,,,,,,,False
2021-08-19,기존에만,258250,fdr_shares,,,,,,,False
2021-08-19,기존에만,270020,fdr_shares,,,,,,,False
2021-08-19,기존에만,271850,fdr_shares,,,,,,,False
2021-08-19,기존에만,308700,fdr_shares,,,,,,,False
2021-08-19,기존에만,309900,fdr_shares,,,,,,,False
2021-08-19,기존에만,322190,fdr_shares,,,,,,,False
2022-04-05,값불일치,344860,fdr_shares,fdr_shares,372930000000.0,447330000000.0,0.83368,12030000,14430000,False
2022-04-05,값불일치,148780,fdr_shares,fdr_shares,421372715000.0,87733572750.0,4.802867,31445725,6289145,False
2022-04-05,값불일치,210120,fdr_shares,fdr_shares,65295765732.0,26118305754.0,2.5,24237478,9694991,False
2022-04-05,기존에만,140290,fdr_shares,,,,,,,False
2022-04-05,기존에만,225850,fdr_shares,,,,,,,False
2022-04-05,기존에만,225860,fdr_shares,,,,,,,False
2022-04-05,기존에만,242350,fdr_shares,,,,,,,False
2022-04-05,기존에만,258540,fdr_shares,,,,,,,False
2022-04-05,기존에만,266870,fdr_shares,,,,,,,False
2022-04-05,기존에만,271850,fdr_shares,,,,,,,False
2022-04-05,기존에만,281310,fdr_shares,,,,,,,False
2022-04-05,기존에만,322190,fdr_shares,,,,,,,False
2022-04-05,기존에만,329020,fdr_shares,,,,,,,False
2022-04-05,기존에만,341310,fdr_shares,,,,,,,False
2022-04-05,기존에만,086460,fdr_shares,,,,,,,False
2022-04-05,기존에만,150440,fdr_shares,,,,,,,False
2022-04-05,기존에만,224020,fdr_shares,,,,,,,False
2022-04-05,기존에만,238170,fdr_shares,,,,,,,False
2022-04-05,기존에만,248020,fdr_shares,,,,,,,False
2022-04-05,기존에만,267060,fdr_shares,,,,,,,False
2022-04-05,기존에만,267810,fdr_shares,,,,,,,False
2022-04-05,기존에만,285770,fdr_shares,,,,,,,False
2022-04-05,기존에만,286000,fdr_shares,,,,,,,False
2022-04-05,기존에만,308700,fdr_shares,,,,,,,False
2022-04-05,기존에만,309900,fdr_shares,,,,,,,False
2022-04-05,기존에만,135160,fdr_shares,,,,,,,False
2022-04-05,기존에만,163430,fdr_shares,,,,,,,False
2022-04-05,기존에만,183410,fdr_shares,,,,,,,False
2022-04-05,기존에만,215050,fdr_shares,,,,,,,False
2022-04-05,기존에만,216280,fdr_shares,,,,,,,False
2022-04-05,기존에만,240340,fdr_shares,,,,,,,False
2022-04-05,기존에만,258250,fdr_shares,,,,,,,False
2022-04-05,기존에만,270020,fdr_shares,,,,,,,False
2022-04-05,기존에만,288490,fdr_shares,,,,,,,False
2022-04-05,기존에만,299670,fdr_shares,,,,,,,False
2022-04-05,기존에만,343090,fdr_shares,,,,,,,False
2022-04-05,기존에만,348840,fdr_shares,,,,,,,False
2022-08-18,값불일치,344860,fdr_shares,fdr_shares,88781400000.0,106493400000.0,0.83368,12030000,14430000,False
2022-08-18,값불일치,210120,fdr_shares,fdr_shares,57539772772.0,23015908634.0,2.5,24237478,9694991,False
2022-08-18,기존에만,086460,fdr_shares,,,,,,,False
2022-08-18,기존에만,150440,fdr_shares,,,,,,,False
2022-08-18,기존에만,242350,fdr_shares,,,,,,,False
2022-08-18,기존에만,258540,fdr_shares,,,,,,,False
2022-08-18,기존에만,266870,fdr_shares,,,,,,,False
2022-08-18,기존에만,271850,fdr_shares,,,,,,,False
2022-08-18,기존에만,281310,fdr_shares,,,,,,,False
2022-08-18,기존에만,308700,fdr_shares,,,,,,,False
2022-08-18,기존에만,135160,fdr_shares,,,,,,,False
2022-08-18,기존에만,163430,fdr_shares,,,,,,,False
2022-08-18,기존에만,183410,fdr_shares,,,,,,,False
2022-08-18,기존에만,215050,fdr_shares,,,,,,,False
2022-08-18,기존에만,258250,fdr_shares,,,,,,,False
2022-08-18,기존에만,288490,fdr_shares,,,,,,,False
2022-08-18,기존에만,299670,fdr_shares,,,,,,,False
2022-08-18,기존에만,343090,fdr_shares,,,,,,,False
2022-08-18,기존에만,348840,fdr_shares,,,,,,,False
2022-08-18,기존에만,140290,fdr_shares,,,,,,,False
2022-08-18,기존에만,224020,fdr_shares,,,,,,,False
2022-08-18,기존에만,238170,fdr_shares,,,,,,,False
2022-08-18,기존에만,248020,fdr_shares,,,,,,,False
2022-08-18,기존에만,267060,fdr_shares,,,,,,,False
2022-08-18,기존에만,267810,fdr_shares,,,,,,,False
2022-08-18,기존에만,285770,fdr_shares,,,,,,,False
2022-08-18,기존에만,286000,fdr_shares,,,,,,,False
2022-08-18,기존에만,322190,fdr_shares,,,,,,,False
2022-08-18,기존에만,329020,fdr_shares,,,,,,,False
2022-08-18,기존에만,341310,fdr_shares,,,,,,,False
2023-04-05,값불일치,210120,fdr_shares,fdr_shares,55600774532.0,22240309354.0,2.5,24237478,9694991,False
2023-04-05,기존에만,086460,fdr_shares,,,,,,,False
2023-04-05,기존에만,150440,fdr_shares,,,,,,,False
2023-04-05,기존에만,224020,fdr_shares,,,,,,,False
2023-04-05,기존에만,238170,fdr_shares,,,,,,,False
2023-04-05,기존에만,248020,fdr_shares,,,,,,,False
2023-04-05,기존에만,266870,fdr_shares,,,,,,,False
2023-04-05,기존에만,267060,fdr_shares,,,,,,,False
2023-04-05,기존에만,285770,fdr_shares,,,,,,,False
2023-04-05,기존에만,286000,fdr_shares,,,,,,,False
2023-04-05,기존에만,322190,fdr_shares,,,,,,,False
2023-04-05,기존에만,341310,fdr_shares,,,,,,,False
2023-04-05,기존에만,140290,fdr_shares,,,,,,,False
2023-04-05,기존에만,163430,fdr_shares,,,,,,,False
2023-04-05,기존에만,242350,fdr_shares,,,,,,,False
2023-04-05,기존에만,258540,fdr_shares,,,,,,,False
2023-04-05,기존에만,271850,fdr_shares,,,,,,,False
2023-04-05,기존에만,281310,fdr_shares,,,,,,,False
2023-04-05,기존에만,299670,fdr_shares,,,,,,,False
2023-04-05,기존에만,308700,fdr_shares,,,,,,,False
2023-04-05,기존에만,135160,fdr_shares,,,,,,,False
2023-04-05,기존에만,183410,fdr_shares,,,,,,,False
2023-04-05,기존에만,215050,fdr_shares,,,,,,,False
2023-04-05,기존에만,258250,fdr_shares,,,,,,,False
2023-04-05,기존에만,288490,fdr_shares,,,,,,,False
2023-04-05,기존에만,289860,fdr_shares,,,,,,,False
2023-04-05,기존에만,343090,fdr_shares,,,,,,,False
2023-04-05,기존에만,348840,fdr_shares,,,,,,,False
2023-04-05,기존에만,446600,fdr_shares,,,,,,,False
2023-08-18,기존에만,150440,fdr_shares,,,,,,,False
2023-08-18,기존에만,224020,fdr_shares,,,,,,,False
2023-08-18,기존에만,238170,fdr_shares,,,,,,,False
2023-08-18,기존에만,248020,fdr_shares,,,,,,,False
2023-08-18,기존에만,266870,fdr_shares,,,,,,,False
2023-08-18,기존에만,286000,fdr_shares,,,,,,,False
2023-08-18,기존에만,322190,fdr_shares,,,,,,,False
2023-08-18,기존에만,341310,fdr_shares,,,,,,,False
2023-08-18,기존에만,183410,fdr_shares,,,,,,,False
2023-08-18,기존에만,258250,fdr_shares,,,,,,,False
2023-08-18,기존에만,288490,fdr_shares,,,,,,,False
2023-08-18,기존에만,289860,fdr_shares,,,,,,,False
2023-08-18,기존에만,343090,fdr_shares,,,,,,,False
2023-08-18,기존에만,419700,fdr_shares,,,,,,,False
2023-08-18,기존에만,446600,fdr_shares,,,,,,,False
2023-08-18,기존에만,086460,fdr_shares,,,,,,,False
2023-08-18,기존에만,163430,fdr_shares,,,,,,,False
2023-08-18,기존에만,242350,fdr_shares,,,,,,,False
2023-08-18,기존에만,258540,fdr_shares,,,,,,,False
2023-08-18,기존에만,283100,fdr_shares,,,,,,,False
2023-08-18,기존에만,299670,fdr_shares,,,,,,,False
2023-08-18,기존에만,308700,fdr_shares,,,,,,,False
2023-08-18,기존에만,456700,fdr_shares,,,,,,,False
2024-04-03,기존에만,086460,fdr_shares,,,,,,,False
2024-04-03,기존에만,163430,fdr_shares,,,,,,,False
2024-04-03,기존에만,258540,fdr_shares,,,,,,,False
2024-04-03,기존에만,283100,fdr_shares,,,,,,,False
2024-04-03,기존에만,299670,fdr_shares,,,,,,,False
2024-04-03,기존에만,308700,fdr_shares,,,,,,,False
2024-04-03,기존에만,446600,fdr_shares,,,,,,,False
2024-04-03,기존에만,456700,fdr_shares,,,,,,,False
2024-04-03,기존에만,258250,fdr_shares,,,,,,,False
2024-04-03,기존에만,288490,fdr_shares,,,,,,,False
2024-04-03,기존에만,289860,fdr_shares,,,,,,,False
2024-04-03,기존에만,343090,fdr_shares,,,,,,,False
2024-04-03,기존에만,419700,fdr_shares,,,,,,,False
2024-04-03,기존에만,238170,fdr_shares,,,,,,,False
2024-04-03,기존에만,248020,fdr_shares,,,,,,,False
2024-04-03,기존에만,266870,fdr_shares,,,,,,,False
2024-04-03,기존에만,286000,fdr_shares,,,,,,,False
2024-04-03,기존에만,322190,fdr_shares,,,,,,,False
2024-04-03,기존에만,341310,fdr_shares,,,,,,,False
2024-08-20,기존에만,086460,fdr_shares,,,,,,,False
2024-08-20,기존에만,258540,fdr_shares,,,,,,,False
2024-08-20,기존에만,283100,fdr_shares,,,,,,,False
2024-08-20,기존에만,308700,fdr_shares,,,,,,,False
2024-08-20,기존에만,446600,fdr_shares,,,,,,,False
2024-08-20,기존에만,456700,fdr_shares,,,,,,,False
2024-08-20,기존에만,238170,fdr_shares,,,,,,,False
2024-08-20,기존에만,258250,fdr_shares,,,,,,,False
2024-08-20,기존에만,288490,fdr_shares,,,,,,,False
2024-08-20,기존에만,289860,fdr_shares,,,,,,,False
2024-08-20,기존에만,341310,fdr_shares,,,,,,,False
2024-08-20,기존에만,343090,fdr_shares,,,,,,,False
2024-08-20,기존에만,419700,fdr_shares,,,,,,,False
2024-08-20,기존에만,266870,fdr_shares,,,,,,,False
2024-08-20,기존에만,286000,fdr_shares,,,,,,,False
2025-04-03,기존에만,288490,fdr_shares,,,,,,,False
2025-04-03,기존에만,289860,fdr_shares,,,,,,,False
2025-04-03,기존에만,341310,fdr_shares,,,,,,,False
2025-04-03,기존에만,343090,fdr_shares,,,,,,,False
2025-04-03,기존에만,238170,fdr_shares,,,,,,,False
2025-04-03,기존에만,266870,fdr_shares,,,,,,,False
2025-04-03,기존에만,086460,fdr_shares,,,,,,,False
2025-04-03,기존에만,258540,fdr_shares,,,,,,,False
2025-04-03,기존에만,283100,fdr_shares,,,,,,,False
2025-04-03,기존에만,308700,fdr_shares,,,,,,,False
2025-04-03,기존에만,456700,fdr_shares,,,,,,,False
2025-04-03,기존에만,495900,fdr_shares,,,,,,,False
2025-08-20,기존에만,308700,fdr_shares,,,,,,,False
2025-08-20,기존에만,456700,fdr_shares,,,,,,,False
2025-08-20,기존에만,495900,fdr_shares,,,,,,,False
2025-08-20,기존에만,238170,fdr_shares,,,,,,,False
2025-08-20,기존에만,266870,fdr_shares,,,,,,,False
2025-08-20,기존에만,288490,fdr_shares,,,,,,,False
2025-08-20,기존에만,341310,fdr_shares,,,,,,,False
2025-08-20,기존에만,343090,fdr_shares,,,,,,,False
