종목코드,종목명,마지막행_날짜,마지막행_상태,직전30일_정지행수,상장폐지일,분류
060240,스타코링크,2026-07-23,normal,14,,**정상거래에서 급정지 (상폐이벤트 없음)**
057050,현대홈쇼핑,2026-07-16,susp,15,,정지행으로 종료 (상폐이벤트 없음)
012510,더존비즈온,2026-07-14,susp,13,,정지행으로 종료 (상폐이벤트 없음)
203690,아크솔루션스,2026-07-07,normal,15,,**정상거래에서 급정지 (상폐이벤트 없음)**
222160,NPX,2026-07-06,normal,14,,**정상거래에서 급정지 (상폐이벤트 없음)**
032980,바이온,2026-06-30,normal,14,,**정상거래에서 급정지 (상폐이벤트 없음)**
101390,아이엠,2026-06-30,normal,14,,**정상거래에서 급정지 (상폐이벤트 없음)**
106520,노블엠앤비,2026-06-30,normal,14,,**정상거래에서 급정지 (상폐이벤트 없음)**
227100,프로브잇,2026-06-30,normal,14,,**정상거래에서 급정지 (상폐이벤트 없음)**
008500,일정실업,2026-06-29,normal,3,,**정상거래에서 급정지 (상폐이벤트 없음)**
230360,에코마케팅,2026-06-29,susp,13,,정지행으로 종료 (상폐이벤트 없음)
230980,비유테크놀러지,2026-06-04,normal,13,,**정상거래에서 급정지 (상폐이벤트 없음)**
0011T0,채비,2026-05-21,normal,0,,**정상거래에서 급정지 (상폐이벤트 없음)**
217620,선샤인푸드,2026-05-07,normal,13,,**정상거래에서 급정지 (상폐이벤트 없음)**
139050,BF랩스,2026-05-07,normal,13,,**정상거래에서 급정지 (상폐이벤트 없음)**
452980,신한제11호스팩,2026-05-06,normal,1,2026-05-07,정상거래에서 급정지 → 상폐
152550,한국ANKOR유전,2026-04-30,susp,2,2026-05-04,정지행으로 종료 → 상폐
452670,상상인제4호스팩,2026-04-20,normal,1,2026-04-21,정상거래에서 급정지 → 상폐
138490,코오롱ENP,2026-04-15,susp,13,2026-04-16,정지행으로 종료 → 상폐
457630,대신밸런스제16호스팩,2026-04-14,normal,1,2026-04-15,정상거래에서 급정지 → 상폐
455310,한화플러스제4호스팩,2026-04-14,normal,1,2026-04-15,정상거래에서 급정지 → 상폐
444920,유안타제11호스팩,2026-04-03,normal,1,2026-04-06,정상거래에서 급정지 → 상폐
458610,한국제12호스팩,2026-04-02,normal,1,2026-04-03,정상거래에서 급정지 → 상폐
473370,비엔케이제2호스팩,2026-04-02,susp,16,2026-04-03,정지행으로 종료 → 상폐
008110,대동전자,2026-03-27,normal,14,2026-03-30,정상거래에서 급정지 → 상폐
238170,?,2026-03-25,susp,18,2026-03-26,정지행으로 종료 → 상폐
204630,스튜디오산타클로스,2026-03-17,normal,11,2026-03-18,정상거래에서 급정지 → 상폐
036180,지더블유바이텍,2026-03-16,normal,10,2026-03-17,정상거래에서 급정지 → 상폐
457940,에스케이증권제10호스팩,2026-03-13,normal,1,2026-03-16,정상거래에서 급정지 → 상폐
222810,세토피아,2026-03-13,normal,11,2026-03-16,정상거래에서 급정지 → 상폐
450940,유안타제14호스팩,2026-03-04,normal,1,2026-03-05,정상거래에서 급정지 → 상폐
455910,에스케이증권제9호스팩,2026-03-03,normal,1,2026-03-04,정상거래에서 급정지 → 상폐
341310,?,2026-02-23,normal,11,2026-02-24,정상거래에서 급정지 → 상폐
052670,제일바이오,2026-02-20,normal,12,2026-02-23,정상거래에서 급정지 → 상폐
019440,세아특수강,2026-02-11,susp,15,2026-02-12,정지행으로 종료 → 상폐
456490,교보14호스팩,2026-02-09,normal,1,2026-02-10,정상거래에서 급정지 → 상폐
288490,?,2026-02-06,normal,15,2026-02-09,정상거래에서 급정지 → 상폐
454640,하나29호스팩,2026-02-03,normal,1,2026-02-04,정상거래에서 급정지 → 상폐
450050,하이제8호스팩,2026-01-28,normal,1,2026-01-29,정상거래에서 급정지 → 상폐
455250,KB제25호스팩,2026-01-27,normal,1,2026-01-28,정상거래에서 급정지 → 상폐
446150,유안타제12호스팩,2026-01-27,normal,1,2026-01-28,정상거래에서 급정지 → 상폐
495900,?,2026-01-26,susp,15,2026-01-27,정지행으로 종료 → 상폐
001140,국보,2026-01-26,normal,12,2026-01-27,정상거래에서 급정지 → 상폐
208340,파멥신,2026-01-26,normal,12,2026-01-27,정상거래에서 급정지 → 상폐
010600,웰바이오텍,2026-01-23,normal,12,2026-01-26,정상거래에서 급정지 → 상폐
042670,HD현대인프라코어,2026-01-23,susp,18,2026-01-26,정지행으로 종료 → 상폐
150840,인트로메딕,2026-01-23,normal,12,2026-01-26,정상거래에서 급정지 → 상폐
057880,푸른소나무,2026-01-21,normal,12,2026-01-22,정상거래에서 급정지 → 상폐
343090,?,2026-01-15,susp,12,2026-01-16,정지행으로 종료 → 상폐
033180,KH 필룩스,2026-01-14,normal,12,2026-01-15,정상거래에서 급정지 → 상폐
003560,IHQ,2026-01-14,normal,12,2026-01-15,정상거래에서 급정지 → 상폐
226360,KH 건설,2026-01-13,normal,12,2026-01-14,정상거래에서 급정지 → 상폐
111870,KH 미래물산,2026-01-13,normal,12,2026-01-14,정상거래에서 급정지 → 상폐
308700,?,2026-01-13,normal,12,2026-01-14,정상거래에서 급정지 → 상폐
448830,미래에셋비전스팩3호,2026-01-13,susp,16,2026-01-14,정지행으로 종료 → 상폐
174880,장원테크,2026-01-13,normal,12,2026-01-14,정상거래에서 급정지 → 상폐
478780,대신밸런스제18호스팩,2026-01-13,susp,14,2026-01-14,정지행으로 종료 → 상폐
450140,코오롱모빌리티그룹,2026-01-06,susp,14,2026-01-07,정지행으로 종료 → 상폐
45014K,코오롱모빌리티그룹우,2026-01-06,susp,14,2026-01-07,정지행으로 종료 → 상폐
054630,에이디칩스,2025-12-29,normal,13,2025-12-30,정상거래에서 급정지 → 상폐
448760,IBKS제22호스팩,2025-12-26,susp,10,2025-12-29,정지행으로 종료 → 상폐
266870,?,2025-12-26,normal,14,2025-12-29,정상거래에서 급정지 → 상폐
456700,?,2025-12-15,susp,16,2025-12-16,정지행으로 종료 → 상폐
010620,HD현대미포,2025-12-12,susp,12,2025-12-15,정지행으로 종료 → 상폐
335890,비올,2025-12-09,normal,15,2025-12-10,정상거래에서 급정지 → 상폐
102280,쌍방울,2025-11-27,normal,15,2025-11-28,정상거래에서 급정지 → 상폐
014200,광림,2025-11-25,normal,15,2025-11-26,정상거래에서 급정지 → 상폐
151910,퓨처코어,2025-11-25,normal,15,2025-11-26,정상거래에서 급정지 → 상폐
006390,한일현대시멘트,2025-11-20,susp,16,2025-11-21,정지행으로 종료 → 상폐
442770,IBKS제21호스팩,2025-11-14,susp,17,2025-11-17,정지행으로 종료 → 상폐
448370,하나27호스팩,2025-11-12,normal,1,2025-11-13,정상거래에서 급정지 → 상폐
454750,하나28호스팩,2025-10-24,susp,12,2025-10-27,정지행으로 종료 → 상폐
091090,세원이앤씨,2025-10-24,normal,10,2025-10-27,정상거래에서 급정지 → 상폐
442900,미래에셋드림스팩1호,2025-10-22,normal,1,2025-10-23,정상거래에서 급정지 → 상폐
446750,하나26호스팩,2025-10-15,normal,1,2025-10-16,정상거래에서 급정지 → 상폐
448740,삼성스팩8호,2025-10-13,normal,1,2025-10-14,정상거래에서 급정지 → 상폐
449020,유안타제13호스팩,2025-10-02,normal,1,2025-10-10,정상거래에서 급정지 → 상폐
005390,신성통상,2025-09-29,normal,14,2025-09-30,정상거래에서 급정지 → 상폐
010420,한솔PNS,2025-09-24,susp,15,2025-09-25,정지행으로 종료 → 상폐
093230,이아이디,2025-09-10,normal,14,2025-09-11,정상거래에서 급정지 → 상폐
096040,이트론,2025-09-09,normal,14,2025-09-10,정상거래에서 급정지 → 상폐
024810,이화전기,2025-09-09,normal,14,2025-09-10,정상거래에서 급정지 → 상폐
446190,미래에셋비전스팩2호,2025-09-08,susp,17,2025-09-09,정지행으로 종료 → 상폐
019590,에스유앤피,2025-09-05,normal,14,2025-09-08,정상거래에서 급정지 → 상폐
430220,신영스팩8호,2025-08-21,susp,14,2025-08-22,정지행으로 종료 → 상폐
044060,조광ILI,2025-08-20,normal,14,2025-08-21,정상거래에서 급정지 → 상폐
290380,대유,2025-08-20,normal,14,2025-08-21,정상거래에서 급정지 → 상폐
000075,삼양홀딩스우,2025-08-19,susp,12,2025-08-20,정지행으로 종료 → 상폐
086460,?,2025-08-18,normal,13,2025-08-19,정상거래에서 급정지 → 상폐
289860,?,2025-08-13,susp,14,2025-08-14,정지행으로 종료 → 상폐
445970,신영스팩9호,2025-07-31,normal,1,2025-08-01,정상거래에서 급정지 → 상폐
049770,동원F&B,2025-07-30,susp,15,2025-07-31,정지행으로 종료 → 상폐
445360,비엔케이제1호스팩,2025-07-25,normal,1,2025-07-28,정상거래에서 급정지 → 상폐
950110,SBI핀테크솔루션즈,2025-07-23,normal,12,2025-07-24,정상거래에서 급정지 → 상폐
440820,엔에이치스팩27호,2025-07-18,normal,1,2025-07-21,정상거래에서 급정지 → 상폐
000885,한화우,2025-07-14,normal,3,2025-07-15,정상거래에서 급정지 → 상폐
023460,CNH,2025-07-11,normal,15,2025-07-14,정상거래에서 급정지 → 상폐
442310,대신밸런스제14호스팩,2025-07-10,normal,1,2025-07-11,정상거래에서 급정지 → 상폐
440790,교보13호스팩,2025-07-10,normal,1,2025-07-11,정상거래에서 급정지 → 상폐
476470,KB제28호스팩,2025-07-08,susp,13,2025-07-09,정지행으로 종료 → 상폐
442130,유진스팩9호,2025-07-08,normal,1,2025-07-09,정상거래에서 급정지 → 상폐
439410,엔에이치스팩26호,2025-07-07,normal,1,2025-07-08,정상거래에서 급정지 → 상폐
226440,한송네오텍,2025-06-18,normal,13,2025-06-19,정상거래에서 급정지 → 상폐
323230,엠에프엠코리아,2025-06-18,normal,13,2025-06-19,정상거래에서 급정지 → 상폐
071460,위니아,2025-06-17,normal,13,2025-06-18,정상거래에서 급정지 → 상폐
072520,제넨바이오,2025-06-17,normal,13,2025-06-18,정상거래에서 급정지 → 상폐
468510,삼성스팩9호,2025-06-16,susp,14,2025-06-17,정지행으로 종료 → 상폐
029960,코엔텍,2025-06-13,susp,11,2025-06-16,정지행으로 종료 → 상폐
438580,엔에이치스팩25호,2025-06-10,normal,1,2025-06-11,정상거래에서 급정지 → 상폐
439730,IBKS제20호스팩,2025-05-30,normal,1,2025-06-02,정상거래에서 급정지 → 상폐
439250,삼성스팩7호,2025-05-30,normal,1,2025-06-02,정상거래에서 급정지 → 상폐
283100,?,2025-05-27,normal,12,2025-05-28,정상거래에서 급정지 → 상폐
012600,청호ICT,2025-05-26,normal,11,2025-05-27,정상거래에서 급정지 → 상폐
435620,하나금융25호스팩,2025-05-23,normal,1,2025-05-26,정상거래에서 급정지 → 상폐
437780,엔에이치스팩24호,2025-05-23,normal,1,2025-05-26,정상거래에서 급정지 → 상폐
456440,DB금융스팩11호,2025-05-15,susp,13,2025-05-16,정지행으로 종료 → 상폐
435870,에스케이증권제8호스팩,2025-05-15,normal,1,2025-05-16,정상거래에서 급정지 → 상폐
457390,대신밸런스제15호스팩,2025-05-14,susp,12,2025-05-15,정지행으로 종료 → 상폐
435380,유안타제10호스팩,2025-05-13,normal,1,2025-05-14,정상거래에서 급정지 → 상폐
258540,?,2025-05-02,normal,14,2025-05-07,정상거래에서 급정지 → 상폐
477530,한국제14호스팩,2025-04-28,susp,12,2025-04-29,정지행으로 종료 → 상폐
418210,신한제10호스팩,2025-04-03,normal,1,2025-04-04,정상거래에서 급정지 → 상폐
168490,한국패러랠,2025-03-31,susp,2,2025-04-01,정지행으로 종료 → 상폐
214870,뉴지랩파마,2025-03-28,normal,14,2025-03-31,정상거래에서 급정지 → 상폐
038340,MIT,2025-03-27,normal,14,2025-03-28,정상거래에서 급정지 → 상폐
458320,KB제26호스팩,2025-03-27,susp,15,2025-03-28,정지행으로 종료 → 상폐
430700,유안타제9호스팩,2025-03-14,normal,1,2025-03-17,정상거래에서 급정지 → 상폐
268600,셀리버리,2025-03-06,normal,14,2025-03-07,정상거래에서 급정지 → 상폐
433530,키움제7호스팩,2025-03-06,susp,14,2025-03-07,정지행으로 종료 → 상폐
413600,키움제6호스팩,2025-02-27,susp,16,2025-02-28,정지행으로 종료 → 상폐
446600,?,2025-02-24,normal,11,2025-02-25,정상거래에서 급정지 → 상폐
034300,신세계건설,2025-02-21,susp,16,2025-02-24,정지행으로 종료 → 상폐
376190,LB루셈,2025-02-20,susp,16,2025-02-21,정지행으로 종료 → 상폐
078940,퀀타피아,2025-02-18,normal,11,2025-02-19,정상거래에서 급정지 → 상폐
160600,이큐셀,2025-02-13,normal,11,2025-02-14,정상거래에서 급정지 → 상폐
299910,애닉,2025-02-13,normal,11,2025-02-14,정상거래에서 급정지 → 상폐
425290,삼성스팩6호,2025-02-10,normal,1,2025-02-11,정상거래에서 급정지 → 상폐
422040,엔에이치스팩23호,2025-02-07,normal,1,2025-02-10,정상거래에서 급정지 → 상폐
424140,케이비제21호스팩,2025-02-03,normal,1,2025-02-04,정상거래에서 급정지 → 상폐
412930,미래에셋비전스팩1호,2025-01-20,susp,14,2025-01-21,정지행으로 종료 → 상폐
900280,골든센츄리,2025-01-07,normal,12,2025-01-08,정상거래에서 급정지 → 상폐
406760,하나금융21호스팩,2024-12-24,susp,13,2024-12-26,정지행으로 종료 → 상폐
214310,에스엘에너지,2024-12-20,normal,15,2024-12-23,정상거래에서 급정지 → 상폐
080000,에스엔유,2024-12-19,susp,16,2024-12-20,정지행으로 종료 → 상폐
418170,하나금융22호스팩,2024-12-18,susp,13,2024-12-19,정지행으로 종료 → 상폐
430460,한화플러스제3호스팩,2024-12-12,susp,15,2024-12-13,정지행으로 종료 → 상폐
419700,?,2024-12-11,normal,15,2024-12-12,정상거래에서 급정지 → 상폐
115390,락앤락,2024-12-06,susp,13,2024-12-09,정지행으로 종료 → 상폐
415580,상상인제3호스팩,2024-12-03,normal,1,2024-12-04,정상거래에서 급정지 → 상폐
138580,비즈니스온,2024-11-21,susp,12,2024-11-22,정지행으로 종료 → 상폐
438220,대신밸런스제13호스팩,2024-11-19,susp,16,2024-11-20,정지행으로 종료 → 상폐
421800,교보12호스팩,2024-11-18,susp,17,2024-11-19,정지행으로 종료 → 상폐
062860,티엘아이,2024-11-13,normal,15,2024-11-14,정상거래에서 급정지 → 상폐
287410,제이시스메디칼,2024-11-06,susp,13,2024-11-07,정지행으로 종료 → 상폐
263540,어스앤에어로스페이스,2024-11-05,normal,14,2024-11-06,정상거래에서 급정지 → 상폐
164060,이루다,2024-10-21,susp,14,2024-10-22,정지행으로 종료 → 상폐
282690,동아타이어,2024-10-07,susp,16,2024-10-08,정지행으로 종료 → 상폐
053590,한국테크놀로지,2024-10-04,normal,10,2024-10-07,정상거래에서 급정지 → 상폐
286000,?,2024-10-04,normal,10,2024-10-07,정상거래에서 급정지 → 상폐
436610,한국제11호스팩,2024-09-26,susp,17,2024-09-27,정지행으로 종료 → 상폐
119860,커넥트웨이브,2024-09-23,susp,11,2024-09-24,정지행으로 종료 → 상폐
089530,에이티세미콘,2024-09-05,normal,14,2024-09-06,정상거래에서 급정지 → 상폐
430230,하나금융24호스팩,2024-09-02,susp,15,2024-09-03,정지행으로 종료 → 상폐
258250,?,2024-08-29,normal,14,2024-08-30,정상거래에서 급정지 → 상폐
299670,?,2024-08-14,normal,15,2024-08-16,정상거래에서 급정지 → 상폐
065560,녹원씨엔아이,2024-07-26,normal,15,2024-07-29,정상거래에서 급정지 → 상폐
400840,하이제7호스팩,2024-07-25,normal,1,2024-07-26,정상거래에서 급정지 → 상폐
136510,스마트솔루션즈,2024-07-24,normal,15,2024-07-25,정상거래에서 급정지 → 상폐
181340,이즈미디어,2024-07-09,normal,15,2024-07-10,정상거래에서 급정지 → 상폐
003410,쌍용C&E,2024-07-08,susp,12,2024-07-09,정지행으로 종료 → 상폐
388800,유진스팩7호,2024-07-01,normal,1,2024-07-02,정상거래에서 급정지 → 상폐
058530,파나케이아,2024-06-24,susp,20,2024-06-25,정지행으로 종료 → 상폐
006580,대양제지,2024-06-20,normal,14,2024-06-21,정상거래에서 급정지 → 상폐
163430,?,2024-06-17,normal,13,2024-06-18,정상거래에서 급정지 → 상폐
161570,THE MIDONG,2024-06-14,normal,14,2024-06-17,정상거래에서 급정지 → 상폐
386580,한화플러스제2호스팩,2024-06-14,normal,1,2024-06-17,정상거래에서 급정지 → 상폐
405640,신한제9호스팩,2024-06-10,susp,12,2024-06-11,정지행으로 종료 → 상폐
148140,비디아이,2024-06-05,normal,14,2024-06-07,정상거래에서 급정지 → 상폐
391060,엔에이치스팩20호,2024-05-13,normal,1,2024-05-14,정상거래에서 급정지 → 상폐
030790,비케이탑스,2024-05-10,normal,13,2024-05-13,정상거래에서 급정지 → 상폐
058220,아리온,2024-05-02,susp,20,2024-05-03,정지행으로 종료 → 상폐
436530,케이비제22호스팩,2024-05-02,susp,12,2024-05-03,정지행으로 종료 → 상폐
393360,신한제8호스팩,2024-04-29,normal,1,2024-04-30,정상거래에서 급정지 → 상폐
001725,신영증권우,2024-04-25,susp,15,2024-04-26,정지행으로 종료 → 상폐
322190,?,2024-04-24,normal,14,2024-04-25,정상거래에서 급정지 → 상폐
419270,신영스팩7호,2024-04-24,susp,13,2024-04-25,정지행으로 종료 → 상폐
248020,?,2024-04-04,normal,15,2024-04-05,정상거래에서 급정지 → 상폐
224020,?,2024-03-28,susp,17,2024-03-29,정지행으로 종료 → 상폐
397880,교보11호스팩,2024-03-22,susp,15,2024-03-25,정지행으로 종료 → 상폐
150440,?,2024-03-20,normal,14,2024-03-21,정상거래에서 급정지 → 상폐
115960,연우,2024-03-05,susp,16,2024-03-06,정지행으로 종료 → 상폐
001880,DL건설,2024-02-29,susp,14,2024-03-04,정지행으로 종료 → 상폐
183410,?,2024-02-21,susp,17,2024-02-22,정지행으로 종료 → 상폐
372290,하나머스트7호스팩,2024-02-16,susp,18,2024-02-19,정지행으로 종료 → 상폐
426550,IBKS제19호스팩,2024-02-14,susp,17,2024-02-15,정지행으로 종료 → 상폐
114120,크루셜텍,2024-02-14,normal,13,2024-02-15,정상거래에서 급정지 → 상폐
427950,하나금융23호스팩,2024-01-31,susp,14,2024-02-01,정지행으로 종료 → 상폐
068400,SK렌터카,2024-01-30,susp,13,2024-01-31,정지행으로 종료 → 상폐
377400,하이제6호스팩,2024-01-24,susp,14,2024-01-25,정지행으로 종료 → 상폐
380320,삼성머스트스팩5호,2024-01-22,normal,1,2024-01-23,정상거래에서 급정지 → 상폐
091990,셀트리온헬스케어,2024-01-11,susp,16,2024-01-12,정지행으로 종료 → 상폐
404950,DB금융스팩10호,2024-01-03,susp,16,2024-01-04,정지행으로 종료 → 상폐
141020,디에스앤엘,2024-01-02,normal,12,2024-01-03,정상거래에서 급정지 → 상폐
