구간,종목코드,종목명,결측시작일,결측종료일,결측영업일수
2016-04-05,001000,신라섬유,2016-03-15,2016-03-31,13
2016-04-05,001260,남광토건,2016-01-07,2016-02-04,21
2016-04-05,006390,한일현대시멘트,2016-01-07,2016-04-05,60
2016-04-05,008800,행남사,2016-02-05,2016-03-03,16
2016-04-05,009310,참엔지니어링,2016-01-07,2016-04-05,60
2016-04-05,010640,진양폴리,2016-01-07,2016-04-05,60
2016-04-05,016380,KG스틸,2016-02-17,2016-04-05,34
2016-04-05,018880,한온시스템,2016-01-22,2016-02-15,14
2016-04-05,036220,오상헬스케어,2016-02-02,2016-04-05,42
2016-04-05,043220,티에스넥스젠,2016-01-07,2016-04-05,60
2016-04-05,049180,셀루메드,2016-02-15,2016-03-03,13
2016-04-05,052900,KX하이텍,2016-01-07,2016-03-16,46
2016-04-05,053810,아이팩토리,2016-01-07,2016-04-05,60
2016-04-05,060900,에이전트AI,2016-01-07,2016-04-05,60
2016-04-05,060910,프리젠,2016-01-07,2016-04-05,60
2016-04-05,065660,안트로젠,2016-01-07,2016-02-12,24
2016-04-05,066110,한프,2016-02-25,2016-03-16,14
2016-04-05,071950,코아스,2016-01-26,2016-02-12,11
2016-04-05,074150,엠제이비,2016-03-23,2016-04-05,10
2016-04-05,080440,에스제이케이,2016-03-23,2016-04-05,10
2016-04-05,094840,슈프리마에이치큐,2016-01-07,2016-02-04,21
2016-04-05,095300,엔에스브이,2016-03-23,2016-04-05,10
2016-04-05,142210,유니트론텍,2016-01-07,2016-02-01,18
2016-04-05,158380,삼목강업,2016-03-03,2016-04-05,24
2016-04-05,194370,제이에스코퍼레이션,2016-01-07,2016-02-03,20
2016-04-05,206640,바디텍메드,2016-01-21,2016-02-11,13
2016-04-05,211270,AP위성,2016-01-07,2016-03-03,37
2016-04-05,221610,자안바이오,2016-01-07,2016-01-26,14
2016-04-05,222110,팬젠,2016-01-07,2016-03-10,42
2016-04-05,222420,쎄노텍,2016-01-07,2016-03-10,42
2016-08-18,004740,보루네오,2016-05-25,2016-08-18,60
2016-08-18,005980,성지건설,2016-08-03,2016-08-18,11
2016-08-18,007280,한국특강,2016-05-25,2016-08-18,60
2016-08-18,007540,샘표,2016-06-29,2016-08-08,29
2016-08-18,010640,진양폴리,2016-05-25,2016-08-18,60
2016-08-18,011720,현대페인트,2016-05-25,2016-08-18,60
2016-08-18,032860,더라미,2016-05-25,2016-08-18,60
2016-08-18,033430,디에스티,2016-06-27,2016-07-14,14
2016-08-18,043710,코스리거글로벌,2016-06-16,2016-08-18,45
2016-08-18,052300,오션인더블유,2016-06-30,2016-07-19,14
2016-08-18,060910,프리젠,2016-05-25,2016-08-18,60
2016-08-18,066430,아이로보틱스,2016-05-25,2016-08-18,60
2016-08-18,072520,제넨바이오,2016-06-23,2016-07-13,15
2016-08-18,080440,에스제이케이,2016-05-25,2016-08-18,60
2016-08-18,170790,파이오링크,2016-05-25,2016-07-22,42
2016-08-18,237690,에스티팜,2016-05-25,2016-06-22,20
2016-08-18,237750,피앤씨테크,2016-05-25,2016-07-01,27
2017-04-05,005740,크라운해태홀딩스,2017-02-27,2017-04-05,27
2017-04-05,032790,엠젠솔루션,2017-01-09,2017-04-05,60
2017-04-05,033430,디에스티,2017-01-09,2017-04-05,60
2017-04-05,036500,에스에스컴텍,2017-03-03,2017-04-05,24
2017-04-05,038340,MIT,2017-01-09,2017-04-05,60
2017-04-05,042660,한화오션,2017-01-09,2017-04-05,60
2017-04-05,043220,티에스넥스젠,2017-01-11,2017-03-24,50
2017-04-05,050320,에스에이치엔엘,2017-02-01,2017-04-05,45
2017-04-05,054620,APS,2017-02-24,2017-04-05,28
2017-04-05,058220,아리온,2017-01-24,2017-02-22,20
2017-04-05,065770,CS,2017-02-16,2017-03-09,15
2017-04-05,066430,아이로보틱스,2017-01-09,2017-04-05,60
2017-04-05,078070,유비쿼스홀딩스,2017-02-27,2017-03-30,23
2017-04-05,083360,동북아11호,2017-02-24,2017-03-15,13
2017-04-05,087260,모바일어플라이언스,2017-01-09,2017-02-23,32
2017-04-05,090710,휴림로봇,2017-03-07,2017-03-27,15
2017-04-05,111110,호전실업,2017-01-09,2017-02-01,16
2017-04-05,140070,서플러스글로벌,2017-01-09,2017-01-24,12
2017-04-05,145720,덴티움,2017-01-09,2017-03-14,44
2017-04-05,151910,퓨처코어,2017-01-09,2017-04-05,60
2017-04-05,183300,코미코,2017-01-09,2017-03-22,50
2017-04-05,206650,유바이오로직스,2017-01-09,2017-01-23,11
2017-04-05,208370,셀바스헬스케어,2017-01-16,2017-02-06,14
2017-04-05,214310,에스엘에너지,2017-01-12,2017-02-02,14
2017-04-05,217480,에스디생명공학,2017-01-09,2017-02-28,35
2017-04-05,246720,아스타,2017-01-09,2017-03-17,47
2017-08-18,001800,오리온홀딩스,2017-05-30,2017-07-06,27
2017-08-18,011810,STX,2017-05-25,2017-08-18,60
2017-08-18,023430,아이이,2017-05-25,2017-08-18,60
2017-08-18,038340,MIT,2017-05-25,2017-08-18,60
2017-08-18,039790,위노바,2017-05-25,2017-08-18,60
2017-08-18,042040,케이피엠테크,2017-06-08,2017-06-28,15
2017-08-18,042660,한화오션,2017-05-25,2017-08-18,60
2017-08-18,050320,에스에이치엔엘,2017-05-25,2017-08-18,60
2017-08-18,065150,대산F&B,2017-07-26,2017-08-18,17
2017-08-18,066430,아이로보틱스,2017-05-25,2017-08-18,60
2017-08-18,073110,엘엠에스,2017-05-29,2017-06-19,15
2017-08-18,080440,에스제이케이,2017-05-25,2017-06-14,14
2017-08-18,088390,이녹스,2017-05-30,2017-07-07,28
2017-08-18,089230,THE E&M,2017-06-23,2017-07-10,12
2017-08-18,096690,에이루트,2017-05-25,2017-08-18,60
2017-08-18,131100,티엔엔터테인먼트,2017-05-25,2017-08-01,48
2017-08-18,151910,퓨처코어,2017-05-25,2017-07-12,34
2017-08-18,214310,에스엘에너지,2017-05-25,2017-08-18,60
2017-08-18,220260,켐트로스,2017-05-25,2017-06-22,20
2017-08-18,238490,힘스,2017-05-25,2017-07-19,39
2017-08-18,271560,오리온,2017-05-25,2017-07-06,30
2017-08-18,272290,이녹스첨단소재,2017-05-25,2017-07-07,31
2018-04-04,002780,진흥기업,2018-02-05,2018-02-27,15
2018-04-04,005450,신한,2018-01-25,2018-03-16,34
2018-04-04,005980,성지건설,2018-01-08,2018-01-23,12
2018-04-04,006620,동구바이오제약,2018-01-08,2018-02-12,26
2018-04-04,011200,HMM,2018-01-17,2018-02-01,12
2018-04-04,018250,애경산업,2018-01-08,2018-03-21,50
2018-04-04,033430,디에스티,2018-01-08,2018-04-04,60
2018-04-04,038340,MIT,2018-01-08,2018-04-04,60
2018-04-04,042000,카페24,2018-01-08,2018-02-07,23
2018-04-04,043580,에임하이,2018-01-08,2018-04-04,60
2018-04-04,047440,레이젠,2018-03-21,2018-04-04,11
2018-04-04,050320,에스에이치엔엘,2018-01-08,2018-04-04,60
2018-04-04,052420,오성첨단소재,2018-02-05,2018-02-26,14
2018-04-04,064510,유네코,2018-01-08,2018-03-14,45
2018-04-04,065150,대산F&B,2018-01-08,2018-04-04,60
2018-04-04,080530,코디,2018-02-08,2018-04-04,37
2018-04-04,082920,비츠로셀,2018-01-08,2018-04-04,60
2018-04-04,083370,동북아12호,2018-02-07,2018-02-22,10
2018-04-04,083380,동북아13호,2018-02-12,2018-03-02,12
2018-04-04,084180,수성웹툰,2018-03-19,2018-04-04,13
2018-04-04,087220,스틸플라워,2018-01-08,2018-04-04,60
2018-04-04,099830,씨그널엔터테인먼트그룹,2018-03-22,2018-04-04,10
2018-04-04,101680,한국정밀기계,2018-02-07,2018-04-04,38
2018-04-04,122800,썬텍,2018-01-08,2018-04-04,60
2018-04-04,145210,다이나믹디자인,2018-03-07,2018-04-04,21
2018-04-04,149940,모다,2018-03-22,2018-04-04,10
2018-04-04,187790,나노,2018-01-29,2018-03-05,23
2018-04-04,194510,파티게임즈,2018-03-22,2018-04-04,10
2018-04-04,194610,우성아이비,2018-03-21,2018-04-04,11
2018-04-04,214310,에스엘에너지,2018-01-08,2018-01-26,15
2018-04-04,255220,SG,2018-01-08,2018-01-25,14
2018-04-04,260660,알리코제약,2018-01-08,2018-02-09,25
2018-04-04,263700,케어랩스,2018-01-08,2018-03-27,54
2018-08-20,003300,한일홀딩스,2018-06-28,2018-08-03,27
2018-08-20,004800,효성,2018-05-30,2018-07-12,30
2018-08-20,005980,성지건설,2018-05-24,2018-08-20,60
2018-08-20,011810,STX,2018-05-24,2018-07-04,28
2018-08-20,012630,HDC,2018-05-24,2018-06-11,12
2018-08-20,026260,위너지스,2018-05-24,2018-08-20,60
2018-08-20,033430,디에스티,2018-06-27,2018-07-13,13
2018-08-20,038340,MIT,2018-05-24,2018-08-20,60
2018-08-20,047440,레이젠,2018-05-24,2018-08-20,60
2018-08-20,050320,에스에이치엔엘,2018-05-24,2018-08-20,60
2018-08-20,052290,트레이스,2018-05-24,2018-08-20,60
2018-08-20,060260,뉴보텍,2018-05-24,2018-08-20,60
2018-08-20,065150,대산F&B,2018-05-24,2018-08-20,60
2018-08-20,066790,씨씨에스,2018-07-09,2018-08-20,30
2018-08-20,080530,코디,2018-05-24,2018-08-20,60
2018-08-20,082740,한화엔진,2018-06-01,2018-06-18,10
2018-08-20,082920,비츠로셀,2018-05-24,2018-06-08,11
2018-08-20,096350,대창솔루션,2018-08-03,2018-08-20,11
2018-08-20,101680,한국정밀기계,2018-05-24,2018-08-20,60
2018-08-20,109740,디에스케이,2018-05-24,2018-08-20,60
2018-08-20,122800,썬텍,2018-05-24,2018-08-20,60
2018-08-20,149940,모다,2018-05-24,2018-08-20,60
2018-08-20,155960,지디,2018-05-24,2018-08-20,60
2018-08-20,175250,아이큐어,2018-05-24,2018-07-11,33
2018-08-20,192410,오늘이엔엠,2018-05-24,2018-08-20,60
2018-08-20,194510,파티게임즈,2018-05-24,2018-08-20,60
2018-08-20,194610,우성아이비,2018-05-24,2018-08-20,60
2018-08-20,245620,EDGC,2018-05-24,2018-06-25,21
2018-08-20,294870,IPARK현대산업개발,2018-05-24,2018-06-11,12
2018-08-20,298000,효성화학,2018-05-24,2018-07-12,34
2018-08-20,298020,효성티앤씨,2018-05-24,2018-07-12,34
2018-08-20,298040,효성중공업,2018-05-24,2018-07-12,34
2018-08-20,298050,HS효성첨단소재,2018-05-24,2018-07-12,34
2019-04-03,002250,알보젠코리아,2019-03-18,2019-04-03,13
2019-04-03,005450,신한,2019-02-11,2019-04-03,37
2019-04-03,030270,에스마크,2019-02-15,2019-04-03,33
2019-04-03,038340,MIT,2019-01-04,2019-04-03,60
2019-04-03,043590,웰킵스하이텍,2019-03-18,2019-04-03,13
2019-04-03,044180,KD,2019-03-19,2019-04-03,12
2019-04-03,046070,코다코,2019-03-20,2019-04-03,11
2019-04-03,050320,에스에이치엔엘,2019-01-04,2019-04-03,60
2019-04-03,052770,아이톡시,2019-01-17,2019-04-03,51
2019-04-03,053580,웹케시,2019-01-04,2019-01-24,15
2019-04-03,053950,경남제약,2019-01-04,2019-04-03,60
2019-04-03,054340,피앤텔,2019-01-04,2019-04-03,60
2019-04-03,056730,CNT85,2019-02-12,2019-04-03,36
2019-04-03,064520,테크엘,2019-01-04,2019-04-03,60
2019-04-03,065150,대산F&B,2019-01-04,2019-04-03,60
2019-04-03,065160,에프티이앤이,2019-01-04,2019-04-03,60
2019-04-03,065940,바이오빌,2019-01-21,2019-04-03,49
2019-04-03,066790,씨씨에스,2019-01-04,2019-04-03,60
2019-04-03,069540,빛과전자,2019-03-19,2019-04-03,12
2019-04-03,078940,퀀타피아,2019-02-07,2019-04-03,39
2019-04-03,079190,케스피온,2019-01-04,2019-04-03,60
2019-04-03,080530,코디,2019-01-04,2019-04-03,60
2019-04-03,083660,CSA 코스믹,2019-02-14,2019-04-03,34
2019-04-03,084180,수성웹툰,2019-01-04,2019-04-03,60
2019-04-03,101680,한국정밀기계,2019-01-04,2019-04-03,60
2019-04-03,102210,에이치디,2019-01-04,2019-04-03,60
2019-04-03,104620,노랑풍선,2019-01-04,2019-01-29,18
2019-04-03,106080,케이이엠텍,2019-01-04,2019-04-03,60
2019-04-03,106520,노블엠앤비,2019-03-05,2019-04-03,22
2019-04-03,111820,지유온,2019-01-04,2019-04-03,60
2019-04-03,122800,썬텍,2019-01-04,2019-04-03,60
2019-04-03,131100,티엔엔터테인먼트,2019-01-28,2019-02-14,11
2019-04-03,134780,화진,2019-01-04,2019-04-03,60
2019-04-03,138360,앤로보틱스,2019-03-21,2019-04-03,10
2019-04-03,145210,다이나믹디자인,2019-01-04,2019-04-03,60
2019-04-03,149940,모다,2019-01-04,2019-04-03,60
2019-04-03,180400,DXVX,2019-03-21,2019-04-03,10
2019-04-03,192410,오늘이엔엠,2019-01-04,2019-04-03,60
2019-04-03,192650,드림텍,2019-01-04,2019-03-13,45
2019-04-03,214370,케어젠,2019-03-15,2019-04-03,14
2019-04-03,246960,SCL사이언스,2019-01-04,2019-01-31,20
2019-04-03,278280,천보,2019-01-04,2019-02-08,23
2019-04-03,299660,셀리드,2019-01-04,2019-02-19,30
2019-04-03,307950,현대오토에버,2019-01-04,2019-03-27,55
2019-08-20,002840,미원상사,2019-07-26,2019-08-12,12
2019-08-20,003280,흥아해운,2019-06-04,2019-06-21,13
2019-08-20,004540,깨끗한나라,2019-06-05,2019-06-26,15
2019-08-20,005450,신한,2019-05-27,2019-08-20,60
2019-08-20,008800,행남사,2019-07-04,2019-08-20,33
2019-08-20,017680,데코앤이,2019-05-27,2019-08-20,60
2019-08-20,021820,세원정공,2019-07-25,2019-08-20,18
2019-08-20,023450,동남합성,2019-07-26,2019-08-12,12
2019-08-20,024830,세원물산,2019-07-25,2019-08-20,18
2019-08-20,035480,제이테크놀로지,2019-05-27,2019-08-20,60
2019-08-20,036420,콘텐트리중앙,2019-07-18,2019-08-01,11
2019-08-20,043590,웰킵스하이텍,2019-05-27,2019-08-20,60
2019-08-20,044180,KD,2019-05-27,2019-08-20,60
2019-08-20,046070,코다코,2019-05-27,2019-08-20,60
2019-08-20,050320,에스에이치엔엘,2019-05-27,2019-08-20,60
2019-08-20,054340,피앤텔,2019-05-27,2019-08-20,60
2019-08-20,060300,레드로버,2019-07-11,2019-08-20,28
2019-08-20,064520,테크엘,2019-05-27,2019-08-20,60
2019-08-20,065150,대산F&B,2019-05-27,2019-08-20,60
2019-08-20,065420,에스아이리소스,2019-05-27,2019-08-20,60
2019-08-20,065560,녹원씨엔아이,2019-07-30,2019-08-20,15
2019-08-20,066790,씨씨에스,2019-05-27,2019-08-20,60
2019-08-20,069540,빛과전자,2019-05-27,2019-08-20,60
2019-08-20,078940,퀀타피아,2019-05-27,2019-08-20,60
2019-08-20,079190,케스피온,2019-05-27,2019-08-20,60
2019-08-20,080530,코디,2019-05-27,2019-08-20,60
2019-08-20,082660,코스나인,2019-07-26,2019-08-16,15
2019-08-20,083380,동북아13호,2019-05-29,2019-06-20,16
2019-08-20,084180,수성웹툰,2019-05-27,2019-08-20,60
2019-08-20,101000,KS인더스트리,2019-05-27,2019-08-20,60
2019-08-20,101680,한국정밀기계,2019-05-27,2019-08-20,60
2019-08-20,102210,에이치디,2019-05-27,2019-08-20,60
2019-08-20,103130,웅진에너지,2019-05-27,2019-08-20,60
2019-08-20,104540,코렌텍,2019-05-27,2019-08-20,60
2019-08-20,106080,케이이엠텍,2019-05-27,2019-08-20,60
2019-08-20,109070,주성코퍼레이션,2019-05-27,2019-08-20,60
2019-08-20,111820,지유온,2019-05-27,2019-08-20,60
2019-08-20,112240,에스에프씨,2019-05-27,2019-08-20,60
2019-08-20,122800,썬텍,2019-05-27,2019-08-20,60
2019-08-20,134780,화진,2019-05-27,2019-08-20,60
2019-08-20,138360,앤로보틱스,2019-05-27,2019-08-20,60
2019-08-20,145210,다이나믹디자인,2019-05-27,2019-08-20,60
2019-08-20,148150,세경하이테크,2019-05-27,2019-07-29,45
2019-08-20,149940,모다,2019-05-27,2019-08-20,60
2019-08-20,192410,오늘이엔엠,2019-05-27,2019-08-20,60
2019-08-20,194510,파티게임즈,2019-05-27,2019-08-20,60
2019-08-20,214370,케어젠,2019-05-27,2019-08-20,60
2019-08-20,215380,콜마바이오텍,2019-07-19,2019-08-05,12
2019-08-20,230980,비유테크놀러지,2019-05-27,2019-07-24,42
2019-08-20,312610,에이에프더블류,2019-05-27,2019-06-28,24
2020-04-03,000040,KR모터스,2020-02-04,2020-02-18,11
2020-04-03,001770,SHD,2020-01-09,2020-03-24,52
2020-04-03,002630,오리엔트바이오,2020-02-05,2020-02-20,12
2020-04-03,004920,씨아이테크,2020-03-02,2020-03-19,14
2020-04-03,005450,신한,2020-01-09,2020-04-03,60
2020-04-03,007630,폴루스바이오팜,2020-01-09,2020-04-03,60
2020-04-03,011690,와이투솔루션,2020-03-20,2020-04-03,11
2020-04-03,014100,메디앙스,2020-03-20,2020-04-03,11
2020-04-03,021820,세원정공,2020-01-09,2020-04-03,60
2020-04-03,024830,세원물산,2020-01-09,2020-04-03,60
2020-04-03,027390,한화갤러리아타임월드,2020-02-28,2020-04-03,26
2020-04-03,028040,미래SCI,2020-01-30,2020-04-03,47
2020-04-03,030270,에스마크,2020-01-09,2020-04-03,60
2020-04-03,030790,비케이탑스,2020-02-12,2020-02-28,13
2020-04-03,033790,피노,2020-01-29,2020-04-03,48
2020-04-03,036180,지더블유바이텍,2020-03-20,2020-04-03,11
2020-04-03,036260,이매진아시아,2020-01-09,2020-04-03,60
2020-04-03,039230,에이아이비트,2020-03-23,2020-04-03,10
2020-04-03,039670,스포츠서울,2020-01-09,2020-04-03,60
2020-04-03,043100,알파AI,2020-02-17,2020-04-03,35
2020-04-03,043590,웰킵스하이텍,2020-01-09,2020-04-03,60
2020-04-03,043650,국순당,2020-02-11,2020-04-03,39
2020-04-03,044180,KD,2020-01-09,2020-04-03,60
2020-04-03,050320,에스에이치엔엘,2020-01-09,2020-04-03,60
2020-04-03,052400,코나아이,2020-03-20,2020-04-03,11
2020-04-03,052770,아이톡시,2020-01-09,2020-04-03,60
2020-04-03,054340,피앤텔,2020-01-09,2020-04-03,60
2020-04-03,058220,아리온,2020-03-20,2020-04-03,11
2020-04-03,060300,레드로버,2020-01-09,2020-04-03,60
2020-04-03,064520,테크엘,2020-01-09,2020-04-03,60
2020-04-03,065150,대산F&B,2020-01-09,2020-04-03,60
2020-04-03,065420,에스아이리소스,2020-01-09,2020-04-03,60
2020-04-03,065560,녹원씨엔아이,2020-01-09,2020-04-03,60
2020-04-03,066790,씨씨에스,2020-01-09,2020-04-03,60
2020-04-03,069330,유아이디,2020-02-11,2020-04-03,39
2020-04-03,078940,퀀타피아,2020-01-09,2020-04-03,60
2020-04-03,079190,케스피온,2020-01-09,2020-04-03,60
2020-04-03,080440,에스제이케이,2020-02-10,2020-04-03,40
2020-04-03,083660,CSA 코스믹,2020-01-09,2020-04-03,60
2020-04-03,092190,서울바이오시스,2020-01-09,2020-03-05,39
2020-04-03,101680,한국정밀기계,2020-02-07,2020-04-03,41
2020-04-03,102210,에이치디,2020-01-09,2020-04-03,60
2020-04-03,104540,코렌텍,2020-01-09,2020-04-03,60
2020-04-03,106080,케이이엠텍,2020-01-09,2020-04-03,60
2020-04-03,112240,에스에프씨,2020-01-09,2020-04-03,60
2020-04-03,115530,씨엔플러스,2020-01-09,2020-04-03,60
2020-04-03,121890,에스디시스템,2020-03-19,2020-04-03,12
2020-04-03,123750,알톤,2020-02-10,2020-04-03,40
2020-04-03,138360,앤로보틱스,2020-01-09,2020-04-03,60
2020-04-03,145210,다이나믹디자인,2020-01-09,2020-04-03,60
2020-04-03,149940,모다,2020-01-09,2020-04-03,60
2020-04-03,153460,네이블,2020-01-09,2020-01-31,15
2020-04-03,156100,엘앤케이바이오,2020-01-09,2020-04-03,60
2020-04-03,158310,참존글로벌,2020-03-19,2020-04-03,12
2020-04-03,159650,하이골드8호,2020-03-20,2020-04-03,11
2020-04-03,160600,이큐셀,2020-03-23,2020-04-03,10
2020-04-03,168330,내츄럴엔도텍,2020-02-17,2020-04-03,35
2020-04-03,192410,오늘이엔엠,2020-01-09,2020-04-03,60
2020-04-03,194510,파티게임즈,2020-01-09,2020-04-03,60
2020-04-03,198080,캐프,2020-01-09,2020-03-13,45
2020-04-03,204270,제이앤티씨,2020-01-09,2020-03-03,37
2020-04-03,204990,코썬바이오,2020-01-13,2020-04-03,58
2020-04-03,214310,에스엘에너지,2020-01-10,2020-01-30,13
2020-04-03,263540,어스앤에어로스페이스,2020-03-23,2020-04-03,10
2020-04-03,274090,켄코아에어로스페이스,2020-01-09,2020-03-02,36
2020-04-03,294630,서남,2020-01-09,2020-02-19,28
2020-04-03,900110,딥커머스,2020-01-09,2020-04-03,60
2020-08-20,002070,비비안,2020-08-03,2020-08-20,13
2020-08-20,003280,흥아해운,2020-05-28,2020-08-20,60
2020-08-20,005850,에스엘,2020-05-28,2020-07-03,27
2020-08-20,007630,폴루스바이오팜,2020-05-28,2020-08-20,60
2020-08-20,008800,행남사,2020-05-28,2020-08-20,60
2020-08-20,010580,에스엠벡셀,2020-05-28,2020-08-20,60
2020-08-20,011690,와이투솔루션,2020-05-28,2020-08-20,60
2020-08-20,012170,아센디오,2020-05-28,2020-08-20,60
2020-08-20,014100,메디앙스,2020-05-28,2020-08-20,60
2020-08-20,021820,세원정공,2020-05-28,2020-08-20,60
2020-08-20,024830,세원물산,2020-05-28,2020-08-20,60
2020-08-20,025560,미래산업,2020-06-12,2020-07-01,14
2020-08-20,032790,엠젠솔루션,2020-05-28,2020-08-20,60
2020-08-20,033110,코너스톤네트웍스,2020-05-28,2020-08-20,60
2020-08-20,033430,디에스티,2020-05-28,2020-08-20,60
2020-08-20,033790,피노,2020-05-28,2020-08-20,60
2020-08-20,036180,지더블유바이텍,2020-05-28,2020-08-20,60
2020-08-20,036260,이매진아시아,2020-05-28,2020-08-20,60
2020-08-20,038160,팍스넷,2020-05-28,2020-08-20,60
2020-08-20,039230,에이아이비트,2020-05-28,2020-08-20,60
2020-08-20,043100,알파AI,2020-05-28,2020-08-20,60
2020-08-20,043590,웰킵스하이텍,2020-05-28,2020-08-20,60
2020-08-20,044180,KD,2020-05-28,2020-08-20,60
2020-08-20,046070,코다코,2020-05-28,2020-06-18,16
2020-08-20,050320,에스에이치엔엘,2020-05-28,2020-08-20,60
2020-08-20,050540,엠피씨플러스,2020-05-28,2020-08-20,60
2020-08-20,052190,세영디앤씨,2020-05-28,2020-08-20,60
2020-08-20,052400,코나아이,2020-05-28,2020-08-20,60
2020-08-20,052770,아이톡시,2020-05-28,2020-08-20,60
2020-08-20,058220,아리온,2020-05-28,2020-08-20,60
2020-08-20,058420,제이웨이,2020-05-28,2020-06-19,17
2020-08-20,058450,한주에이알티,2020-06-26,2020-08-20,39
2020-08-20,060300,레드로버,2020-05-28,2020-08-20,60
2020-08-20,064520,테크엘,2020-05-28,2020-08-20,60
2020-08-20,065150,대산F&B,2020-05-28,2020-08-20,60
2020-08-20,065420,에스아이리소스,2020-05-28,2020-08-20,60
2020-08-20,065560,녹원씨엔아이,2020-05-28,2020-08-07,52
2020-08-20,065620,제낙스,2020-05-28,2020-08-20,60
2020-08-20,066110,한프,2020-05-28,2020-08-20,60
2020-08-20,066790,씨씨에스,2020-05-28,2020-08-20,60
2020-08-20,069540,빛과전자,2020-05-28,2020-08-20,60
2020-08-20,079190,케스피온,2020-05-28,2020-08-20,60
2020-08-20,080440,에스제이케이,2020-05-28,2020-08-20,60
2020-08-20,083660,CSA 코스믹,2020-05-28,2020-08-20,60
2020-08-20,086250,이노와이즈,2020-05-28,2020-08-20,60
2020-08-20,106080,케이이엠텍,2020-05-28,2020-08-20,60
2020-08-20,109070,주성코퍼레이션,2020-05-28,2020-08-20,60
2020-08-20,111820,지유온,2020-05-28,2020-08-20,60
2020-08-20,114120,크루셜텍,2020-06-17,2020-07-02,12
2020-08-20,114190,강원에너지,2020-05-28,2020-08-20,60
2020-08-20,114570,지스마트글로벌,2020-05-28,2020-08-20,60
2020-08-20,121890,에스디시스템,2020-05-28,2020-08-20,60
2020-08-20,138360,앤로보틱스,2020-05-28,2020-08-20,60
2020-08-20,159910,에코글로우,2020-07-15,2020-08-20,26
2020-08-20,160600,이큐셀,2020-05-28,2020-08-20,60
2020-08-20,168330,내츄럴엔도텍,2020-05-28,2020-08-20,60
2020-08-20,169330,엠브레인,2020-05-28,2020-06-30,24
2020-08-20,176440,에이치엔티,2020-05-28,2020-08-20,60
2020-08-20,192410,오늘이엔엠,2020-05-28,2020-08-14,57
2020-08-20,194510,파티게임즈,2020-05-28,2020-08-20,60
2020-08-20,195440,퓨전,2020-05-28,2020-08-20,60
2020-08-20,215600,신라젠,2020-05-28,2020-08-20,60
2020-08-20,223310,사토시홀딩스,2020-05-28,2020-08-20,60
2020-08-20,226350,아이엠텍,2020-05-28,2020-08-20,60
2020-08-20,263540,어스앤에어로스페이스,2020-05-28,2020-08-20,60
2020-08-20,263920,휴엠앤씨,2020-05-29,2020-08-20,59
2020-08-20,297890,HB솔루션,2020-05-28,2020-06-19,17
2020-08-20,298060,풍전약품,2020-05-28,2020-06-16,14
2021-04-05,000210,DL,2021-01-07,2021-01-22,12
2021-04-05,002420,세기상사,2021-01-07,2021-04-05,60
2021-04-05,006580,대양제지,2021-02-09,2021-04-05,37
2021-04-05,007630,폴루스바이오팜,2021-01-07,2021-04-05,60
2021-04-05,008800,행남사,2021-01-07,2021-04-05,60
2021-04-05,009730,이렘,2021-01-07,2021-04-05,60
2021-04-05,010580,에스엠벡셀,2021-01-07,2021-04-05,60
2021-04-05,011300,우성머티리얼스,2021-03-23,2021-04-05,10
2021-04-05,011690,와이투솔루션,2021-01-07,2021-04-05,60
2021-04-05,011790,SKC,2021-03-08,2021-03-22,11
2021-04-05,012170,아센디오,2021-01-07,2021-04-05,60
2021-04-05,013520,화승코퍼레이션,2021-02-25,2021-03-12,11
2021-04-05,014100,메디앙스,2021-01-07,2021-03-12,44
2021-04-05,016670,디모아,2021-01-07,2021-04-05,60
2021-04-05,021820,세원정공,2021-01-07,2021-04-05,60
2021-04-05,024830,세원물산,2021-01-07,2021-04-05,60
2021-04-05,032790,엠젠솔루션,2021-01-07,2021-04-05,60
2021-04-05,033110,코너스톤네트웍스,2021-01-07,2021-04-05,60
2021-04-05,033340,좋은사람들,2021-03-23,2021-04-05,10
2021-04-05,033430,디에스티,2021-01-07,2021-04-05,60
2021-04-05,033790,피노,2021-01-07,2021-04-05,60
2021-04-05,035290,골드앤에스,2021-01-07,2021-04-05,60
2021-04-05,036180,지더블유바이텍,2021-01-07,2021-04-05,60
2021-04-05,039230,에이아이비트,2021-01-07,2021-04-05,60
2021-04-05,043100,알파AI,2021-01-07,2021-04-05,60
2021-04-05,043590,웰킵스하이텍,2021-01-07,2021-04-05,60
2021-04-05,044490,태웅,2021-03-23,2021-04-05,10
2021-04-05,046970,우리로,2021-03-22,2021-04-05,11
2021-04-05,049180,셀루메드,2021-01-07,2021-03-25,53
2021-04-05,050120,ES큐브,2021-01-07,2021-01-22,12
2021-04-05,050320,에스에이치엔엘,2021-01-07,2021-04-05,60
2021-04-05,050540,엠피씨플러스,2021-01-07,2021-04-05,60
2021-04-05,052190,세영디앤씨,2021-01-07,2021-04-05,60
2021-04-05,052770,아이톡시,2021-01-07,2021-04-05,60
2021-04-05,056000,코원플레이,2021-01-07,2021-04-05,60
2021-04-05,058420,제이웨이,2021-02-04,2021-04-05,40
2021-04-05,058450,한주에이알티,2021-01-07,2021-04-05,60
2021-04-05,058530,파나케이아,2021-01-07,2021-04-05,60
2021-04-05,064520,테크엘,2021-01-07,2021-04-05,60
2021-04-05,065150,대산F&B,2021-02-17,2021-04-05,33
2021-04-05,065420,에스아이리소스,2021-01-07,2021-04-05,60
2021-04-05,065560,녹원씨엔아이,2021-03-11,2021-04-05,18
2021-04-05,066110,한프,2021-01-07,2021-04-05,60
2021-04-05,066790,씨씨에스,2021-01-07,2021-04-05,60
2021-04-05,066980,한성크린텍,2021-03-05,2021-03-25,15
2021-04-05,069330,유아이디,2021-01-07,2021-04-05,60
2021-04-05,069540,빛과전자,2021-01-07,2021-04-05,60
2021-04-05,071460,위니아,2021-01-27,2021-02-19,16
2021-04-05,073070,에이팸,2021-01-07,2021-04-05,60
2021-04-05,080440,에스제이케이,2021-01-07,2021-04-05,60
2021-04-05,083470,이엠앤아이,2021-01-07,2021-04-05,60
2021-04-05,086250,이노와이즈,2021-01-07,2021-04-05,60
2021-04-05,086710,선진뷰티사이언스,2021-01-07,2021-01-26,14
2021-04-05,101680,한국정밀기계,2021-02-08,2021-04-05,38
2021-04-05,102210,에이치디,2021-01-07,2021-04-05,60
2021-04-05,103230,에스앤더블류,2021-02-16,2021-04-05,34
2021-04-05,106080,케이이엠텍,2021-01-07,2021-04-05,60
2021-04-05,109070,주성코퍼레이션,2021-01-07,2021-04-05,60
2021-04-05,111820,지유온,2021-01-07,2021-04-05,60
2021-04-05,114570,지스마트글로벌,2021-01-07,2021-04-05,60
2021-04-05,121890,에스디시스템,2021-01-07,2021-04-05,60
2021-04-05,127160,매직마이크로,2021-01-19,2021-04-05,52
2021-04-05,131090,시큐브,2021-01-27,2021-03-12,30
2021-04-05,138360,앤로보틱스,2021-01-07,2021-04-05,60
2021-04-05,159910,에코글로우,2021-01-07,2021-04-05,60
2021-04-05,160600,이큐셀,2021-01-07,2021-04-05,60
2021-04-05,163730,핑거,2021-01-07,2021-01-28,16
2021-04-05,168330,내츄럴엔도텍,2021-01-07,2021-04-05,60
2021-04-05,176440,에이치엔티,2021-01-07,2021-04-05,60
2021-04-05,178780,일월지엠엘,2021-03-17,2021-04-05,14
2021-04-05,196450,코아시아씨엠,2021-01-07,2021-04-05,60
2021-04-05,223310,사토시홀딩스,2021-01-07,2021-04-05,60
2021-04-05,248070,솔루엠,2021-01-07,2021-02-01,18
2021-04-05,257370,피엔티엠에스,2021-01-07,2021-04-05,60
2021-04-05,262840,아이퀘스트,2021-01-07,2021-02-04,21
2021-04-05,263540,어스앤에어로스페이스,2021-01-07,2021-04-05,60
2021-04-05,277810,레인보우로보틱스,2021-01-07,2021-02-02,19
2021-04-05,289220,자이언트스텝,2021-01-07,2021-03-23,51
2021-04-05,333620,엔시스,2021-01-07,2021-03-31,57
2021-04-05,340930,성원에너텍,2021-01-07,2021-02-24,33
2021-04-05,348030,모비릭스,2021-01-07,2021-01-27,15
2021-04-05,352700,씨앤투스,2021-01-07,2021-01-27,15
2021-04-05,361390,제노코,2021-01-07,2021-03-23,51
2021-04-05,900290,GRT,2021-01-07,2021-04-05,60
2021-04-05,950160,코오롱티슈진,2021-01-07,2021-04-05,60
2021-04-05,950220,네오이뮨텍,2021-01-07,2021-03-15,45
2021-08-19,002420,세기상사,2021-05-27,2021-08-19,60
2021-08-19,003280,흥아해운,2021-05-27,2021-08-19,60
2021-08-19,003620,KG모빌리티,2021-05-27,2021-08-19,60
2021-08-19,006580,대양제지,2021-05-27,2021-08-19,60
2021-08-19,007630,폴루스바이오팜,2021-05-27,2021-08-19,60
2021-08-19,009730,이렘,2021-05-27,2021-08-19,60
2021-08-19,010140,삼성중공업,2021-07-23,2021-08-09,12
2021-08-19,010580,에스엠벡셀,2021-05-27,2021-08-19,60
2021-08-19,011300,우성머티리얼스,2021-05-27,2021-08-19,60
2021-08-19,011690,와이투솔루션,2021-05-27,2021-08-19,60
2021-08-19,012600,청호ICT,2021-05-27,2021-08-19,60
2021-08-19,013000,세우글로벌,2021-05-27,2021-08-19,60
2021-08-19,014100,메디앙스,2021-05-27,2021-08-19,60
2021-08-19,015540,쎌마테라퓨틱스,2021-05-27,2021-08-19,60
2021-08-19,016670,디모아,2021-05-27,2021-08-19,60
2021-08-19,020560,아시아나항공,2021-05-27,2021-07-15,36
2021-08-19,021820,세원정공,2021-05-27,2021-08-19,60
2021-08-19,024830,세원물산,2021-05-27,2021-08-19,60
2021-08-19,033110,코너스톤네트웍스,2021-05-27,2021-08-19,60
2021-08-19,033340,좋은사람들,2021-05-27,2021-08-19,60
2021-08-19,033790,피노,2021-05-27,2021-08-19,60
2021-08-19,035290,골드앤에스,2021-05-27,2021-08-19,60
2021-08-19,036180,지더블유바이텍,2021-05-27,2021-06-15,14
2021-08-19,038340,MIT,2021-05-27,2021-08-19,60
2021-08-19,039230,에이아이비트,2021-05-27,2021-08-19,60
2021-08-19,042670,HD현대인프라코어,2021-06-29,2021-07-20,16
2021-08-19,043100,알파AI,2021-05-27,2021-06-22,19
2021-08-19,043590,웰킵스하이텍,2021-05-27,2021-08-19,60
2021-08-19,044490,태웅,2021-05-27,2021-08-19,60
2021-08-19,046970,우리로,2021-05-27,2021-08-19,60
2021-08-19,050320,에스에이치엔엘,2021-05-27,2021-08-19,60
2021-08-19,050540,엠피씨플러스,2021-05-27,2021-08-19,60
2021-08-19,052770,아이톡시,2021-05-27,2021-08-19,60
2021-08-19,053450,세코닉스,2021-05-27,2021-08-19,60
2021-08-19,056000,코원플레이,2021-05-27,2021-08-19,60
2021-08-19,056730,CNT85,2021-05-27,2021-08-19,60
2021-08-19,058420,제이웨이,2021-05-27,2021-08-19,60
2021-08-19,058450,한주에이알티,2021-05-27,2021-08-19,60
2021-08-19,058530,파나케이아,2021-05-27,2021-08-19,60
2021-08-19,060300,레드로버,2021-05-27,2021-08-19,60
2021-08-19,064090,인크레더블버즈,2021-06-08,2021-06-29,16
2021-08-19,064510,유네코,2021-05-27,2021-08-19,60
2021-08-19,064520,테크엘,2021-05-27,2021-08-19,60
2021-08-19,065420,에스아이리소스,2021-05-27,2021-08-19,60
2021-08-19,065560,녹원씨엔아이,2021-05-27,2021-08-19,60
2021-08-19,066110,한프,2021-05-27,2021-08-19,60
2021-08-19,069110,코스온,2021-05-27,2021-08-19,60
2021-08-19,069540,빛과전자,2021-05-27,2021-08-19,60
2021-08-19,078590,휴림에이텍,2021-05-27,2021-08-19,60
2021-08-19,079190,케스피온,2021-05-27,2021-08-19,60
2021-08-19,083470,이엠앤아이,2021-05-27,2021-08-19,60
2021-08-19,086250,이노와이즈,2021-05-27,2021-08-19,60
2021-08-19,099520,DGI,2021-05-27,2021-08-19,60
2021-08-19,101680,한국정밀기계,2021-05-27,2021-08-19,60
2021-08-19,103230,에스앤더블류,2021-05-27,2021-08-19,60
2021-08-19,106080,케이이엠텍,2021-05-27,2021-08-19,60
2021-08-19,109070,주성코퍼레이션,2021-05-27,2021-08-19,60
2021-08-19,114190,강원에너지,2021-05-27,2021-08-19,60
2021-08-19,114570,지스마트글로벌,2021-05-27,2021-08-19,60
2021-08-19,114810,한솔아이원스,2021-07-02,2021-08-10,28
2021-08-19,115180,큐리언트,2021-05-27,2021-08-19,60
2021-08-19,115530,씨엔플러스,2021-05-27,2021-08-19,60
2021-08-19,121890,에스디시스템,2021-05-27,2021-08-19,60
2021-08-19,126870,뉴로스,2021-05-27,2021-08-19,60
2021-08-19,137310,에스디바이오센서,2021-05-27,2021-07-15,36
2021-08-19,138360,앤로보틱스,2021-05-27,2021-08-19,60
2021-08-19,141020,디에스앤엘,2021-05-27,2021-08-19,60
2021-08-19,141070,맥스로텍,2021-05-27,2021-08-19,60
2021-08-19,144620,코오롱머티리얼,2021-08-03,2021-08-19,12
2021-08-19,158310,참존글로벌,2021-05-27,2021-08-19,60
2021-08-19,159910,에코글로우,2021-05-27,2021-08-19,60
2021-08-19,168330,내츄럴엔도텍,2021-05-27,2021-08-19,60
2021-08-19,176440,에이치엔티,2021-05-27,2021-08-19,60
2021-08-19,178780,일월지엠엘,2021-05-27,2021-08-19,60
2021-08-19,180400,DXVX,2021-05-27,2021-08-19,60
2021-08-19,182360,큐브엔터,2021-06-14,2021-07-01,14
2021-08-19,182690,테라셈,2021-05-27,2021-08-19,60
2021-08-19,215600,신라젠,2021-05-27,2021-08-19,60
2021-08-19,223310,사토시홀딩스,2021-05-27,2021-08-19,60
2021-08-19,238090,앤디포스,2021-06-25,2021-07-14,14
2021-08-19,257370,피엔티엠에스,2021-05-27,2021-08-19,60
2021-08-19,259960,크래프톤,2021-05-27,2021-08-09,53
2021-08-19,263540,어스앤에어로스페이스,2021-05-27,2021-08-19,60
2021-08-19,263920,휴엠앤씨,2021-05-27,2021-08-19,60
2021-08-19,267850,아시아나IDT,2021-05-27,2021-07-15,36
2021-08-19,298690,에어부산,2021-05-27,2021-07-15,36
2021-08-19,376190,LB루셈,2021-05-27,2021-06-10,11
2021-08-19,900290,GRT,2021-05-27,2021-08-19,60
2021-08-19,950160,코오롱티슈진,2021-05-27,2021-08-19,60
2022-04-05,006580,대양제지,2022-01-05,2022-04-05,60
2022-04-05,007610,선도전기,2022-03-22,2022-04-05,11
2022-04-05,009730,이렘,2022-01-05,2022-04-05,60
2022-04-05,010580,에스엠벡셀,2022-01-05,2022-04-05,60
2022-04-05,011300,우성머티리얼스,2022-01-05,2022-04-05,60
2022-04-05,011690,와이투솔루션,2022-01-05,2022-04-05,60
2022-04-05,012200,계양전기,2022-02-16,2022-04-05,33
2022-04-05,012600,청호ICT,2022-01-05,2022-04-05,60
2022-04-05,014100,메디앙스,2022-01-05,2022-04-05,60
2022-04-05,015230,대창단조,2022-02-03,2022-02-17,11
2022-04-05,016670,디모아,2022-01-05,2022-04-05,60
2022-04-05,021820,세원정공,2022-01-05,2022-04-05,60
2022-04-05,024830,세원물산,2022-01-05,2022-04-05,60
2022-04-05,032790,엠젠솔루션,2022-01-05,2022-04-05,60
2022-04-05,032800,판타지오,2022-01-12,2022-02-03,14
2022-04-05,032860,더라미,2022-03-22,2022-04-05,11
2022-04-05,033340,좋은사람들,2022-01-05,2022-04-05,60
2022-04-05,038340,MIT,2022-01-05,2022-04-05,60
2022-04-05,043590,웰킵스하이텍,2022-01-05,2022-04-05,60
2022-04-05,044490,태웅,2022-01-05,2022-04-05,60
2022-04-05,046970,우리로,2022-01-05,2022-04-05,60
2022-04-05,048260,오스템임플란트,2022-01-05,2022-04-05,60
2022-04-05,050320,에스에이치엔엘,2022-01-05,2022-04-05,60
2022-04-05,050540,엠피씨플러스,2022-01-26,2022-04-05,45
2022-04-05,052190,세영디앤씨,2022-01-05,2022-04-05,60
2022-04-05,052770,아이톡시,2022-01-05,2022-04-05,60
2022-04-05,056000,코원플레이,2022-01-05,2022-04-05,60
2022-04-05,056730,CNT85,2022-01-05,2022-04-05,60
2022-04-05,057880,푸른소나무,2022-03-23,2022-04-05,10
2022-04-05,058450,한주에이알티,2022-01-05,2022-04-05,60
2022-04-05,058530,파나케이아,2022-01-05,2022-04-05,60
2022-04-05,064520,테크엘,2022-01-05,2022-04-05,60
2022-04-05,065420,에스아이리소스,2022-01-05,2022-04-05,60
2022-04-05,065560,녹원씨엔아이,2022-01-05,2022-04-05,60
2022-04-05,066110,한프,2022-01-05,2022-03-25,53
2022-04-05,069110,코스온,2022-01-05,2022-04-05,60
2022-04-05,072520,제넨바이오,2022-01-05,2022-01-19,11
2022-04-05,078590,휴림에이텍,2022-01-05,2022-04-05,60
2022-04-05,090740,연이비앤티,2022-01-05,2022-04-05,60
2022-04-05,091970,LSK아이로봇,2022-01-05,2022-04-05,60
2022-04-05,097780,에코볼트,2022-01-28,2022-02-22,15
2022-04-05,099520,DGI,2022-01-05,2022-04-05,60
2022-04-05,101680,한국정밀기계,2022-01-05,2022-04-05,60
2022-04-05,102370,케이옥션,2022-01-05,2022-01-21,13
2022-04-05,103230,에스앤더블류,2022-01-05,2022-04-05,60
2022-04-05,106080,케이이엠텍,2022-01-05,2022-04-05,60
2022-04-05,109070,주성코퍼레이션,2022-01-05,2022-04-05,60
2022-04-05,114120,크루셜텍,2022-03-17,2022-04-05,14
2022-04-05,115180,큐리언트,2022-01-05,2022-04-05,60
2022-04-05,115530,씨엔플러스,2022-01-05,2022-04-05,60
2022-04-05,121890,에스디시스템,2022-01-05,2022-04-05,60
2022-04-05,127160,매직마이크로,2022-01-05,2022-04-05,60
2022-04-05,136410,아셈스,2022-01-05,2022-02-04,20
2022-04-05,137080,나래나노텍,2022-01-05,2022-02-07,21
2022-04-05,138360,앤로보틱스,2022-01-05,2022-04-05,60
2022-04-05,146320,비씨엔씨,2022-01-05,2022-03-02,37
2022-04-05,148140,비디아이,2022-03-23,2022-04-05,10
2022-04-05,150840,인트로메딕,2022-03-15,2022-04-05,16
2022-04-05,153360,하이골드3호,2022-03-04,2022-03-30,18
2022-04-05,158310,참존글로벌,2022-01-05,2022-04-05,60
2022-04-05,160600,이큐셀,2022-01-05,2022-04-05,60
2022-04-05,176440,에이치엔티,2022-01-05,2022-04-05,60
2022-04-05,178780,일월지엠엘,2022-01-05,2022-04-05,60
2022-04-05,180400,DXVX,2022-01-05,2022-04-05,60
2022-04-05,182690,테라셈,2022-01-05,2022-04-05,60
2022-04-05,219750,한국비티비,2022-03-23,2022-04-05,10
2022-04-05,223310,사토시홀딩스,2022-01-05,2022-04-05,60
2022-04-05,251120,바이오에프디엔씨,2022-01-05,2022-02-18,30
2022-04-05,257370,피엔티엠에스,2022-01-05,2022-04-05,60
2022-04-05,263920,휴엠앤씨,2022-01-05,2022-04-05,60
2022-04-05,269620,시스웍,2022-03-23,2022-04-05,10
2022-04-05,275630,에스에스알,2022-03-11,2022-04-05,18
2022-04-05,330730,스톤브릿지벤처스,2022-01-05,2022-02-24,34
2022-04-05,353590,오토앤,2022-01-05,2022-01-19,11
2022-04-05,365900,브이씨,2022-01-05,2022-02-23,33
2022-04-05,370090,퓨런티어,2022-01-05,2022-02-22,32
2022-04-05,371950,풍원정밀,2022-01-05,2022-02-25,35
2022-04-05,373220,LG에너지솔루션,2022-01-05,2022-01-26,16
2022-04-05,376930,노을,2022-01-05,2022-03-02,37
2022-04-05,388720,유일로보틱스,2022-01-05,2022-03-17,47
2022-04-05,396300,세아메카닉스,2022-01-05,2022-03-23,51
2022-04-05,950160,코오롱티슈진,2022-01-05,2022-04-05,60
2022-08-18,005010,휴스틸,2022-06-24,2022-07-12,13
2022-08-18,006580,대양제지,2022-05-24,2022-08-18,60
2022-08-18,007610,선도전기,2022-05-24,2022-08-18,60
2022-08-18,009730,이렘,2022-05-24,2022-08-18,60
2022-08-18,010580,에스엠벡셀,2022-05-24,2022-08-18,60
2022-08-18,011690,와이투솔루션,2022-05-24,2022-06-15,15
2022-08-18,012200,계양전기,2022-05-24,2022-07-21,41
2022-08-18,012600,청호ICT,2022-05-24,2022-08-18,60
2022-08-18,015540,쎌마테라퓨틱스,2022-05-24,2022-08-18,60
2022-08-18,016670,디모아,2022-05-24,2022-08-18,60
2022-08-18,021820,세원정공,2022-05-24,2022-08-18,60
2022-08-18,024830,세원물산,2022-05-24,2022-08-18,60
2022-08-18,030790,비케이탑스,2022-05-24,2022-08-18,60
2022-08-18,032790,엠젠솔루션,2022-05-24,2022-08-18,60
2022-08-18,032860,더라미,2022-05-24,2022-08-18,60
2022-08-18,033340,좋은사람들,2022-05-24,2022-08-18,60
2022-08-18,033790,피노,2022-05-24,2022-08-18,60
2022-08-18,035460,기산텔레콤,2022-05-24,2022-06-24,22
2022-08-18,038340,MIT,2022-05-24,2022-08-18,60
2022-08-18,050540,엠피씨플러스,2022-05-24,2022-08-18,60
2022-08-18,052420,오성첨단소재,2022-05-24,2022-08-18,60
2022-08-18,052770,아이톡시,2022-05-24,2022-08-18,60
2022-08-18,054180,메디콕스,2022-06-24,2022-07-14,15
2022-08-18,056000,코원플레이,2022-05-24,2022-08-18,60
2022-08-18,056730,CNT85,2022-05-24,2022-08-18,60
2022-08-18,057880,푸른소나무,2022-05-24,2022-08-18,60
2022-08-18,058530,파나케이아,2022-05-24,2022-08-18,60
2022-08-18,060300,레드로버,2022-05-24,2022-08-18,60
2022-08-18,064510,유네코,2022-05-24,2022-08-18,60
2022-08-18,064520,테크엘,2022-05-24,2022-08-10,55
2022-08-18,065560,녹원씨엔아이,2022-05-24,2022-08-18,60
2022-08-18,068330,일신바이오,2022-05-24,2022-08-18,60
2022-08-18,078590,휴림에이텍,2022-05-24,2022-08-18,60
2022-08-18,083470,이엠앤아이,2022-05-24,2022-08-18,60
2022-08-18,090740,연이비앤티,2022-05-24,2022-08-18,60
2022-08-18,091970,LSK아이로봇,2022-05-24,2022-08-18,60
2022-08-18,096640,멜파스,2022-05-26,2022-08-18,58
2022-08-18,097780,에코볼트,2022-05-24,2022-08-18,60
2022-08-18,101680,한국정밀기계,2022-05-24,2022-08-18,60
2022-08-18,103230,에스앤더블류,2022-05-24,2022-08-18,60
2022-08-18,106080,케이이엠텍,2022-05-24,2022-08-18,60
2022-08-18,109070,주성코퍼레이션,2022-05-24,2022-08-18,60
2022-08-18,115180,큐리언트,2022-05-24,2022-08-18,60
2022-08-18,121890,에스디시스템,2022-05-24,2022-08-18,60
2022-08-18,126870,뉴로스,2022-05-24,2022-08-18,60
2022-08-18,127160,매직마이크로,2022-05-24,2022-08-18,60
2022-08-18,136510,스마트솔루션즈,2022-05-24,2022-08-18,60
2022-08-18,138360,앤로보틱스,2022-05-24,2022-08-18,60
2022-08-18,138690,엘아이에스,2022-06-22,2022-08-18,41
2022-08-18,141020,디에스앤엘,2022-05-24,2022-08-18,60
2022-08-18,150840,인트로메딕,2022-05-24,2022-08-18,60
2022-08-18,160600,이큐셀,2022-05-24,2022-08-18,60
2022-08-18,178780,일월지엠엘,2022-05-24,2022-08-18,60
2022-08-18,224060,더코디,2022-07-22,2022-08-10,14
2022-08-18,226440,한송네오텍,2022-05-24,2022-08-18,60
2022-08-18,257370,피엔티엠에스,2022-05-24,2022-08-18,60
2022-08-18,263540,어스앤에어로스페이스,2022-05-24,2022-08-18,60
2022-08-18,263920,휴엠앤씨,2022-05-24,2022-08-18,60
2022-08-18,269620,시스웍,2022-05-24,2022-08-18,60
2022-08-18,284620,카이노스메드,2022-06-24,2022-07-11,12
2022-08-18,310210,보로노이,2022-05-24,2022-06-23,21
2022-08-18,377460,큐에이드,2022-05-24,2022-06-22,20
2022-08-18,396270,넥스트칩,2022-05-24,2022-06-30,26
2022-08-18,900100,파이온엑스,2022-05-24,2022-08-18,60
2022-08-18,950160,코오롱티슈진,2022-05-24,2022-08-18,60
2023-04-05,003070,코오롱글로벌,2023-01-09,2023-01-30,14
2023-04-05,003620,KG모빌리티,2023-01-09,2023-04-05,60
2023-04-05,005440,현대지에프홀딩스,2023-02-27,2023-04-05,27
2023-04-05,006580,대양제지,2023-01-09,2023-04-05,60
2023-04-05,007610,선도전기,2023-01-09,2023-04-05,60
2023-04-05,008500,일정실업,2023-03-23,2023-04-05,10
2023-04-05,009830,한화솔루션,2023-02-27,2023-03-30,23
2023-04-05,012200,계양전기,2023-01-30,2023-02-16,14
2023-04-05,014200,광림,2023-02-10,2023-04-05,38
2023-04-05,029480,광무,2023-02-07,2023-03-21,30
2023-04-05,030790,비케이탑스,2023-01-09,2023-04-05,60
2023-04-05,033790,피노,2023-01-09,2023-03-29,55
2023-04-05,038340,MIT,2023-01-09,2023-04-05,60
2023-04-05,038530,케이바이오랩스,2023-03-09,2023-04-05,20
2023-04-05,048260,오스템임플란트,2023-02-28,2023-03-21,15
2023-04-05,053590,한국테크놀로지,2023-02-17,2023-04-05,33
2023-04-05,056090,시지메드텍,2023-01-09,2023-04-05,60
2023-04-05,058530,파나케이아,2023-01-09,2023-04-05,60
2023-04-05,062860,티엘아이,2023-03-17,2023-04-05,14
2023-04-05,065560,녹원씨엔아이,2023-01-09,2023-04-05,60
2023-04-05,066410,버킷스튜디오,2023-03-06,2023-04-05,23
2023-04-05,068940,셀피글로벌,2023-03-22,2023-04-05,11
2023-04-05,078130,국일제지,2023-03-14,2023-04-05,17
2023-04-05,078590,휴림에이텍,2023-01-09,2023-04-05,60
2023-04-05,091970,LSK아이로봇,2023-01-09,2023-02-24,33
2023-04-05,101680,한국정밀기계,2023-01-09,2023-03-27,53
2023-04-05,103230,에스앤더블류,2023-01-09,2023-03-27,53
2023-04-05,106080,케이이엠텍,2023-01-09,2023-03-27,53
2023-04-05,109070,주성코퍼레이션,2023-01-09,2023-04-05,60
2023-04-05,109960,앱토크롬,2023-03-20,2023-04-05,13
2023-04-05,114120,크루셜텍,2023-01-09,2023-04-05,60
2023-04-05,138360,앤로보틱스,2023-01-09,2023-01-26,12
2023-04-05,138690,엘아이에스,2023-01-09,2023-04-05,60
2023-04-05,150840,인트로메딕,2023-01-09,2023-04-05,60
2023-04-05,160600,이큐셀,2023-01-09,2023-04-05,60
2023-04-05,181340,이즈미디어,2023-01-09,2023-04-05,60
2023-04-05,199730,바이오인프라,2023-01-09,2023-02-28,35
2023-04-05,226440,한송네오텍,2023-01-09,2023-04-05,60
2023-04-05,254490,미래반도체,2023-01-09,2023-01-26,12
2023-04-05,257370,피엔티엠에스,2023-01-09,2023-04-05,60
2023-04-05,263540,어스앤에어로스페이스,2023-01-09,2023-04-05,60
2023-04-05,282720,금양그린파워,2023-01-09,2023-03-10,42
2023-04-05,318020,포인트모바일,2023-01-09,2023-04-05,60
2023-04-05,356680,엑스게이트,2023-01-09,2023-03-15,45
2023-04-05,358570,지아이이노베이션,2023-01-09,2023-03-29,55
2023-04-05,389020,자람테크놀로지,2023-01-09,2023-03-06,38
2023-04-05,407400,꿈비,2023-01-09,2023-02-08,21
2023-04-05,408900,스튜디오미르,2023-01-09,2023-02-06,19
2023-04-05,418420,라온텍,2023-01-09,2023-03-08,40
2023-08-18,000480,CR홀딩스,2023-06-29,2023-07-27,21
2023-08-18,001070,대한방직,2023-06-15,2023-06-30,12
2023-08-18,001080,만호제강,2023-06-15,2023-06-30,12
2023-08-18,001230,동국홀딩스,2023-05-30,2023-06-15,12
2023-08-18,001340,PKC,2023-07-18,2023-08-18,23
2023-08-18,003560,IHQ,2023-05-24,2023-08-18,60
2023-08-18,003610,방림,2023-06-15,2023-06-30,12
2023-08-18,004310,현대약품,2023-05-24,2023-06-09,11
2023-08-18,004890,동일산업,2023-06-15,2023-06-30,12
2023-08-18,005030,부산주공,2023-05-24,2023-08-18,60
2023-08-18,006580,대양제지,2023-05-24,2023-08-18,60
2023-08-18,007610,선도전기,2023-05-24,2023-08-18,60
2023-08-18,008500,일정실업,2023-05-24,2023-08-18,60
2023-08-18,012600,청호ICT,2023-05-24,2023-08-18,60
2023-08-18,013720,청보,2023-05-24,2023-06-15,15
2023-08-18,014200,광림,2023-05-24,2023-08-18,60
2023-08-18,015540,쎌마테라퓨틱스,2023-05-24,2023-08-18,60
2023-08-18,024810,이화전기,2023-05-24,2023-08-18,60
2023-08-18,032860,더라미,2023-05-24,2023-08-18,60
2023-08-18,033180,KH 필룩스,2023-05-24,2023-08-18,60
2023-08-18,033340,좋은사람들,2023-05-24,2023-08-18,60
2023-08-18,038340,MIT,2023-05-24,2023-08-18,60
2023-08-18,044060,조광ILI,2023-05-24,2023-08-18,60
2023-08-18,047820,초록뱀미디어,2023-06-29,2023-08-18,36
2023-08-18,052770,아이톡시,2023-05-24,2023-06-13,13
2023-08-18,053590,한국테크놀로지,2023-05-24,2023-08-18,60
2023-08-18,056090,시지메드텍,2023-05-24,2023-08-18,60
2023-08-18,057880,푸른소나무,2023-05-24,2023-08-18,60
2023-08-18,058530,파나케이아,2023-05-24,2023-08-18,60
2023-08-18,065560,녹원씨엔아이,2023-05-24,2023-08-18,60
2023-08-18,066410,버킷스튜디오,2023-05-24,2023-08-18,60
2023-08-18,068940,셀피글로벌,2023-05-24,2023-08-18,60
2023-08-18,078130,국일제지,2023-05-24,2023-08-18,60
2023-08-18,078590,휴림에이텍,2023-05-24,2023-08-18,60
2023-08-18,089530,에이티세미콘,2023-05-24,2023-08-18,60
2023-08-18,091090,세원이앤씨,2023-05-24,2023-08-18,60
2023-08-18,093230,이아이디,2023-05-24,2023-08-18,60
2023-08-18,096040,이트론,2023-05-24,2023-08-18,60
2023-08-18,099520,DGI,2023-05-24,2023-08-18,60
2023-08-18,101140,인바이오젠,2023-05-24,2023-08-18,60
2023-08-18,102280,쌍방울,2023-07-06,2023-08-18,31
2023-08-18,106520,노블엠앤비,2023-05-24,2023-08-18,60
2023-08-18,109070,주성코퍼레이션,2023-05-24,2023-08-18,60
2023-08-18,109860,동일금속,2023-06-15,2023-06-30,12
2023-08-18,111870,KH 미래물산,2023-05-24,2023-08-18,60
2023-08-18,114120,크루셜텍,2023-05-24,2023-08-18,60
2023-08-18,117670,알파칩스,2023-05-24,2023-08-18,60
2023-08-18,121800,비덴트,2023-05-24,2023-08-18,60
2023-08-18,121890,에스디시스템,2023-05-24,2023-08-18,60
2023-08-18,138690,엘아이에스,2023-05-24,2023-08-18,60
2023-08-18,139050,BF랩스,2023-06-07,2023-06-27,15
2023-08-18,141020,디에스앤엘,2023-05-24,2023-08-18,60
2023-08-18,150840,인트로메딕,2023-05-24,2023-08-18,60
2023-08-18,160600,이큐셀,2023-05-24,2023-08-18,60
2023-08-18,172670,에이엘티,2023-05-24,2023-07-26,44
2023-08-18,174880,장원테크,2023-05-24,2023-08-18,60
2023-08-18,178780,일월지엠엘,2023-05-24,2023-08-18,60
2023-08-18,181340,이즈미디어,2023-05-24,2023-08-18,60
2023-08-18,214310,에스엘에너지,2023-05-24,2023-08-18,60
2023-08-18,217480,에스디생명공학,2023-05-24,2023-08-18,60
2023-08-18,226360,KH 건설,2023-05-24,2023-08-18,60
2023-08-18,226440,한송네오텍,2023-05-24,2023-08-18,60
2023-08-18,238090,앤디포스,2023-05-24,2023-06-14,14
2023-08-18,257370,피엔티엠에스,2023-05-24,2023-08-18,60
2023-08-18,263540,어스앤에어로스페이스,2023-05-24,2023-08-18,60
2023-08-18,269620,시스웍,2023-05-24,2023-08-18,60
2023-08-18,274400,이노시뮬레이션,2023-05-24,2023-07-05,29
2023-08-18,290380,대유,2023-05-24,2023-08-18,60
2023-08-18,318020,포인트모바일,2023-05-24,2023-08-18,60
2023-08-18,348080,큐라티스,2023-05-24,2023-06-14,14
2023-08-18,354320,알멕,2023-05-24,2023-06-29,25
2023-08-18,429270,시지트로닉스,2023-05-24,2023-08-02,49
2023-08-18,460860,동국제강,2023-05-24,2023-06-15,15
2024-04-03,000040,KR모터스,2024-02-23,2024-03-15,15
2024-04-03,001080,만호제강,2024-01-08,2024-04-03,60
2024-04-03,001340,PKC,2024-01-08,2024-04-03,60
2024-04-03,003560,IHQ,2024-01-08,2024-04-03,60
2024-04-03,005030,부산주공,2024-01-08,2024-04-03,60
2024-04-03,007610,선도전기,2024-01-08,2024-04-03,60
2024-04-03,012600,청호ICT,2024-01-08,2024-04-03,60
2024-04-03,013310,아진산업,2024-01-09,2024-02-21,30
2024-04-03,014200,광림,2024-01-08,2024-04-03,60
2024-04-03,019590,에스유앤피,2024-03-20,2024-04-03,11
2024-04-03,024810,이화전기,2024-01-08,2024-04-03,60
2024-04-03,032860,더라미,2024-01-08,2024-04-03,60
2024-04-03,033180,KH 필룩스,2024-01-08,2024-04-03,60
2024-04-03,033290,로젠,2024-01-08,2024-02-01,19
2024-04-03,033540,파라텍,2024-01-29,2024-02-19,14
2024-04-03,036220,오상헬스케어,2024-01-08,2024-03-12,44
2024-04-03,044060,조광ILI,2024-01-08,2024-04-03,60
2024-04-03,047820,초록뱀미디어,2024-01-08,2024-04-03,60
2024-04-03,052670,제일바이오,2024-01-08,2024-04-03,60
2024-04-03,056090,시지메드텍,2024-01-08,2024-04-03,60
2024-04-03,057880,푸른소나무,2024-01-08,2024-04-03,60
2024-04-03,058530,파나케이아,2024-01-08,2024-04-03,60
2024-04-03,065560,녹원씨엔아이,2024-01-08,2024-04-03,60
2024-04-03,067390,아스트,2024-03-14,2024-03-29,12
2024-04-03,068100,케이웨더,2024-01-08,2024-02-21,31
2024-04-03,068940,셀피글로벌,2024-01-08,2024-04-03,60
2024-04-03,073640,테라사이언스,2024-03-20,2024-04-03,11
2024-04-03,078130,국일제지,2024-01-08,2024-04-03,60
2024-04-03,078590,휴림에이텍,2024-01-29,2024-02-19,14
2024-04-03,078940,퀀타피아,2024-01-08,2024-04-03,60
2024-04-03,089230,THE E&M,2024-01-19,2024-02-08,15
2024-04-03,089530,에이티세미콘,2024-01-08,2024-04-03,60
2024-04-03,090710,휴림로봇,2024-02-05,2024-02-27,15
2024-04-03,091090,세원이앤씨,2024-01-08,2024-04-03,60
2024-04-03,093230,이아이디,2024-01-08,2024-04-03,60
2024-04-03,094860,네오리진,2024-01-08,2024-02-02,20
2024-04-03,096040,이트론,2024-01-08,2024-04-03,60
2024-04-03,096610,알에프세미,2024-01-22,2024-04-03,50
2024-04-03,099520,DGI,2024-01-08,2024-04-03,60
2024-04-03,101140,인바이오젠,2024-01-08,2024-04-03,60
2024-04-03,105760,포스뱅크,2024-01-08,2024-01-26,15
2024-04-03,106520,노블엠앤비,2024-01-08,2024-04-03,60
2024-04-03,109070,주성코퍼레이션,2024-01-08,2024-04-03,60
2024-04-03,111870,KH 미래물산,2024-01-08,2024-04-03,60
2024-04-03,114810,한솔아이원스,2024-03-14,2024-04-01,13
2024-04-03,117670,알파칩스,2024-01-08,2024-04-03,60
2024-04-03,121800,비덴트,2024-01-08,2024-04-03,60
2024-04-03,148140,비디아이,2024-01-08,2024-04-03,60
2024-04-03,160600,이큐셀,2024-01-08,2024-04-03,60
2024-04-03,161570,THE MIDONG,2024-01-08,2024-04-03,60
2024-04-03,181340,이즈미디어,2024-01-08,2024-04-03,60
2024-04-03,192410,오늘이엔엠,2024-01-29,2024-02-19,14
2024-04-03,196490,디에이테크놀로지,2024-03-11,2024-03-26,12
2024-04-03,199430,케이엔알시스템,2024-01-08,2024-03-06,40
2024-04-03,208340,파멥신,2024-01-22,2024-04-03,50
2024-04-03,208350,지란지교시큐리티,2024-03-14,2024-04-03,15
2024-04-03,210980,SK디앤디,2024-02-28,2024-03-28,21
2024-04-03,214310,에스엘에너지,2024-01-08,2024-04-03,60
2024-04-03,226440,한송네오텍,2024-01-08,2024-04-03,60
2024-04-03,278470,에이피알,2024-01-08,2024-02-26,34
2024-04-03,290380,대유,2024-01-08,2024-04-03,60
2024-04-03,318020,포인트모바일,2024-01-08,2024-04-03,60
2024-04-03,355150,코스텍시스,2024-01-08,2024-02-01,19
2024-04-03,377460,큐에이드,2024-01-08,2024-04-03,60
2024-04-03,415380,스튜디오삼익,2024-01-08,2024-02-05,21
2024-04-03,420570,제이투케이바이오,2024-01-08,2024-03-22,52
2024-04-03,440290,HB인베스트먼트,2024-01-08,2024-01-24,13
2024-04-03,452400,이닉스,2024-01-08,2024-01-31,18
2024-04-03,452430,사피엔반도체,2024-01-08,2024-02-16,28
2024-04-03,455900,엔젤로보틱스,2024-01-08,2024-03-25,53
2024-04-03,457550,우진엔텍,2024-01-08,2024-01-23,12
2024-04-03,460930,현대힘스,2024-01-08,2024-01-25,14
2024-04-03,472850,폰드그룹,2024-01-08,2024-02-01,19
2024-08-20,001080,만호제강,2024-05-27,2024-08-20,60
2024-08-20,001140,국보,2024-05-27,2024-08-20,60
2024-08-20,003560,IHQ,2024-05-27,2024-08-20,60
2024-08-20,004800,효성,2024-06-27,2024-07-26,22
2024-08-20,005030,부산주공,2024-05-27,2024-08-20,60
2024-08-20,005110,한창,2024-05-27,2024-08-20,60
2024-08-20,006380,카프로,2024-05-27,2024-08-20,60
2024-08-20,007610,선도전기,2024-05-27,2024-08-20,60
2024-08-20,009410,태영건설,2024-05-27,2024-08-20,60
2024-08-20,010600,웰바이오텍,2024-05-27,2024-08-20,60
2024-08-20,012600,청호ICT,2024-05-27,2024-08-20,60
2024-08-20,014200,광림,2024-05-27,2024-08-20,60
2024-08-20,024810,이화전기,2024-05-27,2024-08-20,60
2024-08-20,032860,더라미,2024-05-27,2024-08-20,60
2024-08-20,033180,KH 필룩스,2024-05-27,2024-08-20,60
2024-08-20,033340,좋은사람들,2024-05-27,2024-07-24,42
2024-08-20,036690,코맥스,2024-05-27,2024-08-20,60
2024-08-20,038340,MIT,2024-05-27,2024-08-20,60
2024-08-20,041590,플래스크,2024-05-27,2024-08-20,60
2024-08-20,044060,조광ILI,2024-05-27,2024-08-20,60
2024-08-20,046070,코다코,2024-05-27,2024-08-20,60
2024-08-20,047820,초록뱀미디어,2024-05-27,2024-08-20,60
2024-08-20,049470,비트플래닛,2024-05-27,2024-08-20,60
2024-08-20,052670,제일바이오,2024-05-27,2024-08-20,60
2024-08-20,053950,경남제약,2024-06-24,2024-07-18,19
2024-08-20,054630,에이디칩스,2024-05-27,2024-08-20,60
2024-08-20,056090,시지메드텍,2024-05-27,2024-06-10,10
2024-08-20,057880,푸른소나무,2024-05-27,2024-08-20,60
2024-08-20,060260,뉴보텍,2024-07-10,2024-08-01,17
2024-08-20,065150,대산F&B,2024-05-27,2024-08-20,60
2024-08-20,066410,버킷스튜디오,2024-05-27,2024-08-20,60
2024-08-20,068940,셀피글로벌,2024-05-27,2024-08-20,60
2024-08-20,072520,제넨바이오,2024-05-27,2024-08-20,60
2024-08-20,078130,국일제지,2024-05-27,2024-08-20,60
2024-08-20,078940,퀀타피아,2024-05-27,2024-08-20,60
2024-08-20,079970,투비소프트,2024-07-24,2024-08-20,19
2024-08-20,089530,에이티세미콘,2024-05-27,2024-08-20,60
2024-08-20,091090,세원이앤씨,2024-05-27,2024-08-20,60
2024-08-20,093230,이아이디,2024-05-27,2024-08-20,60
2024-08-20,096040,이트론,2024-05-27,2024-08-20,60
2024-08-20,096610,알에프세미,2024-05-27,2024-08-20,60
2024-08-20,099520,DGI,2024-05-27,2024-08-20,60
2024-08-20,101140,인바이오젠,2024-05-27,2024-08-20,60
2024-08-20,102280,쌍방울,2024-05-27,2024-08-20,60
2024-08-20,106520,노블엠앤비,2024-05-27,2024-08-20,60
2024-08-20,109070,주성코퍼레이션,2024-05-27,2024-08-20,60
2024-08-20,111870,KH 미래물산,2024-05-27,2024-08-20,60
2024-08-20,117670,알파칩스,2024-05-27,2024-08-20,60
2024-08-20,119610,인터로조,2024-05-27,2024-08-20,60
2024-08-20,121800,비덴트,2024-05-27,2024-08-20,60
2024-08-20,139050,BF랩스,2024-05-27,2024-08-20,60
2024-08-20,150840,인트로메딕,2024-05-27,2024-08-20,60
2024-08-20,151910,퓨처코어,2024-05-27,2024-08-20,60
2024-08-20,160190,하이젠알앤엠,2024-05-27,2024-06-26,22
2024-08-20,160600,이큐셀,2024-05-27,2024-08-20,60
2024-08-20,174880,장원테크,2024-05-27,2024-08-20,60
2024-08-20,178780,일월지엠엘,2024-05-27,2024-08-20,60
2024-08-20,182400,엔케이젠바이오텍코리아,2024-05-27,2024-08-20,60
2024-08-20,187790,나노,2024-05-27,2024-08-20,60
2024-08-20,196490,디에이테크놀로지,2024-05-27,2024-08-20,60
2024-08-20,204630,스튜디오산타클로스,2024-05-27,2024-08-20,60
2024-08-20,208340,파멥신,2024-05-27,2024-08-20,60
2024-08-20,214310,에스엘에너지,2024-05-27,2024-08-20,60
2024-08-20,214390,경보제약,2024-05-27,2024-08-20,60
2024-08-20,217480,에스디생명공학,2024-05-27,2024-08-20,60
2024-08-20,219750,한국비티비,2024-05-27,2024-08-20,60
2024-08-20,222810,세토피아,2024-05-27,2024-08-20,60
2024-08-20,226360,KH 건설,2024-05-27,2024-08-20,60
2024-08-20,226440,한송네오텍,2024-05-27,2024-08-20,60
2024-08-20,238200,비피도,2024-06-28,2024-08-20,37
2024-08-20,245620,EDGC,2024-05-27,2024-08-20,60
2024-08-20,258830,세종메디칼,2024-05-27,2024-08-20,60
2024-08-20,290380,대유,2024-05-27,2024-08-20,60
2024-08-20,295310,에이치브이엠,2024-05-27,2024-06-27,23
2024-08-20,299910,애닉,2024-05-27,2024-08-20,60
2024-08-20,317240,TS트릴리온,2024-07-02,2024-08-20,35
2024-08-20,323230,엠에프엠코리아,2024-07-11,2024-08-20,28
2024-08-20,377460,큐에이드,2024-05-27,2024-08-20,60
2024-08-20,418250,시큐레터,2024-05-27,2024-08-20,60
2024-08-20,453450,그리드위즈,2024-05-27,2024-06-13,13
2024-08-20,460470,아이빔테크놀로지,2024-05-27,2024-08-05,50
2024-08-20,462350,이노스페이스,2024-05-27,2024-07-01,25
2024-08-20,462510,라메디텍,2024-05-27,2024-06-14,14
2024-08-20,464080,에스오에스랩,2024-05-27,2024-06-24,20
2025-04-03,000300,DH오토넥스,2025-01-03,2025-04-03,60
2025-04-03,001140,국보,2025-01-03,2025-04-03,60
2025-04-03,002410,범양건영,2025-03-21,2025-04-03,10
2025-04-03,003560,IHQ,2025-01-03,2025-04-03,60
2025-04-03,005030,부산주공,2025-01-03,2025-04-03,60
2025-04-03,006380,카프로,2025-01-03,2025-04-03,60
2025-04-03,007610,선도전기,2025-01-03,2025-04-03,60
2025-04-03,009440,KC그린홀딩스,2025-03-20,2025-04-03,11
2025-04-03,010600,웰바이오텍,2025-01-03,2025-04-03,60
2025-04-03,011300,우성머티리얼스,2025-01-31,2025-02-26,19
2025-04-03,012170,아센디오,2025-02-14,2025-03-05,13
2025-04-03,012600,청호ICT,2025-01-03,2025-04-03,60
2025-04-03,015590,DKME,2025-01-03,2025-04-03,60
2025-04-03,024810,이화전기,2025-01-03,2025-04-03,60
2025-04-03,032980,바이온,2025-02-28,2025-04-03,24
2025-04-03,033180,KH 필룩스,2025-01-03,2025-04-03,60
2025-04-03,036180,지더블유바이텍,2025-01-03,2025-04-03,60
2025-04-03,036630,세종텔레콤,2025-03-14,2025-04-03,15
2025-04-03,036690,코맥스,2025-01-03,2025-04-03,60
2025-04-03,041590,플래스크,2025-01-03,2025-04-03,60
2025-04-03,043090,더테크놀로지,2025-01-17,2025-02-07,12
2025-04-03,044060,조광ILI,2025-01-03,2025-04-03,60
2025-04-03,046070,코다코,2025-01-03,2025-04-03,60
2025-04-03,047820,초록뱀미디어,2025-01-03,2025-04-02,59
2025-04-03,052300,오션인더블유,2025-01-03,2025-01-31,17
2025-04-03,052670,제일바이오,2025-01-03,2025-04-03,60
2025-04-03,054630,에이디칩스,2025-01-03,2025-04-03,60
2025-04-03,057880,푸른소나무,2025-01-03,2025-04-03,60
2025-04-03,060240,스타코링크,2025-02-28,2025-03-21,15
2025-04-03,060560,HC홈센타,2025-01-03,2025-01-17,11
2025-04-03,064400,LG씨엔에스,2025-01-03,2025-02-04,19
2025-04-03,065150,대산F&B,2025-01-03,2025-04-03,60
2025-04-03,065570,삼영이엔씨,2025-02-12,2025-04-03,36
2025-04-03,068940,셀피글로벌,2025-01-03,2025-04-03,60
2025-04-03,072520,제넨바이오,2025-01-03,2025-04-03,60
2025-04-03,078130,국일제지,2025-01-03,2025-04-03,60
2025-04-03,080720,한국유니온제약,2025-01-03,2025-04-03,60
2025-04-03,091090,세원이앤씨,2025-01-03,2025-04-03,60
2025-04-03,093230,이아이디,2025-01-03,2025-04-03,60
2025-04-03,096040,이트론,2025-01-03,2025-04-03,60
2025-04-03,096250,와이즈넛,2025-01-03,2025-01-23,15
2025-04-03,096610,알에프세미,2025-01-03,2025-04-03,60
2025-04-03,099520,DGI,2025-01-03,2025-04-03,60
2025-04-03,101970,우양에이치씨,2025-01-03,2025-03-27,55
2025-04-03,102280,쌍방울,2025-01-03,2025-04-03,60
2025-04-03,106520,노블엠앤비,2025-01-03,2025-04-03,60
2025-04-03,109070,주성코퍼레이션,2025-01-03,2025-03-25,53
2025-04-03,111870,KH 미래물산,2025-01-03,2025-04-03,60
2025-04-03,117670,알파칩스,2025-01-03,2025-02-07,22
2025-04-03,119610,인터로조,2025-01-03,2025-04-03,60
2025-04-03,119650,KC코트렐,2025-03-20,2025-04-03,11
2025-04-03,121800,비덴트,2025-01-03,2025-04-03,60
2025-04-03,150840,인트로메딕,2025-01-03,2025-04-03,60
2025-04-03,151910,퓨처코어,2025-01-03,2025-04-03,60
2025-04-03,174880,장원테크,2025-01-03,2025-04-03,60
2025-04-03,177350,베셀,2025-01-03,2025-01-21,13
2025-04-03,187790,나노,2025-01-03,2025-04-03,60
2025-04-03,204630,스튜디오산타클로스,2025-01-03,2025-04-03,60
2025-04-03,210120,캔버스엔,2025-01-06,2025-01-23,14
2025-04-03,212710,아이에스티이,2025-01-03,2025-02-11,24
2025-04-03,217480,에스디생명공학,2025-01-03,2025-04-03,60
2025-04-03,219750,한국비티비,2025-01-03,2025-04-03,60
2025-04-03,222160,NPX,2025-01-03,2025-04-03,60
2025-04-03,222810,세토피아,2025-01-03,2025-04-03,60
2025-04-03,226340,본느,2025-01-09,2025-04-03,56
2025-04-03,226360,KH 건설,2025-01-03,2025-04-03,60
2025-04-03,227100,프로브잇,2025-01-03,2025-04-03,60
2025-04-03,240550,동방메디컬,2025-01-03,2025-02-12,25
2025-04-03,279600,미디어젠,2025-01-03,2025-04-03,60
2025-04-03,290380,대유,2025-01-03,2025-04-03,60
2025-04-03,303810,동국생명과학,2025-01-03,2025-02-14,27
2025-04-03,317240,TS트릴리온,2025-01-03,2025-02-14,27
2025-04-03,355390,크라우드웍스,2025-01-06,2025-01-23,14
2025-04-03,373160,데이원컴퍼니,2025-01-03,2025-01-23,15
2025-04-03,377460,큐에이드,2025-01-03,2025-04-03,60
2025-04-03,393970,대진첨단소재,2025-01-03,2025-03-05,39
2025-04-03,444530,심플랫폼,2025-01-03,2025-03-20,50
2025-04-03,446840,지슨,2025-01-03,2025-04-03,60
2025-04-03,450950,아스테라시스,2025-01-03,2025-01-23,15
2025-04-03,460870,에스엠씨지,2025-01-03,2025-03-06,40
2025-04-03,462980,아이지넷,2025-01-03,2025-02-03,18
2025-04-03,463480,모티브링크,2025-01-03,2025-02-19,30
2025-04-03,475460,미트박스,2025-01-03,2025-01-22,14
2025-04-03,475830,오름테라퓨틱,2025-01-03,2025-02-13,26
2025-04-03,479960,위너스일렉,2025-01-03,2025-02-21,32
2025-04-03,480370,씨케이솔루션,2025-01-03,2025-03-14,46
2025-04-03,481070,에이유브랜즈,2025-01-03,2025-04-02,59
2025-04-03,482630,삼양엔씨켐,2025-01-03,2025-01-31,17
2025-04-03,489500,엘케이켐,2025-01-03,2025-02-24,33
2025-08-20,000300,DH오토넥스,2025-05-26,2025-08-20,60
2025-08-20,001140,국보,2025-05-26,2025-08-20,60
2025-08-20,001570,금양,2025-05-26,2025-08-20,60
2025-08-20,001840,이화공영,2025-05-26,2025-08-20,60
2025-08-20,002210,동성제약,2025-06-25,2025-08-20,40
2025-08-20,003560,IHQ,2025-05-26,2025-08-20,60
2025-08-20,004380,삼익THK,2025-05-26,2025-08-20,60
2025-08-20,005030,부산주공,2025-05-26,2025-08-20,60
2025-08-20,005110,한창,2025-05-26,2025-08-20,60
2025-08-20,006380,카프로,2025-05-26,2025-08-20,60
2025-08-20,007610,선도전기,2025-05-26,2025-08-20,60
2025-08-20,009440,KC그린홀딩스,2025-05-26,2025-08-20,60
2025-08-20,010600,웰바이오텍,2025-05-26,2025-08-20,60
2025-08-20,011810,STX,2025-07-03,2025-08-20,34
2025-08-20,015590,DKME,2025-05-26,2025-08-20,60
2025-08-20,016790,현대사료,2025-05-26,2025-08-20,60
2025-08-20,019590,에스유앤피,2025-05-26,2025-08-20,60
2025-08-20,024810,이화전기,2025-05-26,2025-08-20,60
2025-08-20,025560,미래산업,2025-06-27,2025-07-21,17
2025-08-20,030350,드래곤플라이,2025-05-26,2025-08-20,60
2025-08-20,032980,바이온,2025-05-26,2025-08-20,60
2025-08-20,033180,KH 필룩스,2025-05-26,2025-08-20,60
2025-08-20,036180,지더블유바이텍,2025-05-26,2025-08-20,60
2025-08-20,036690,코맥스,2025-05-26,2025-08-20,60
2025-08-20,041590,플래스크,2025-05-26,2025-08-20,60
2025-08-20,043090,더테크놀로지,2025-05-26,2025-08-20,60
2025-08-20,043220,티에스넥스젠,2025-05-26,2025-08-20,60
2025-08-20,044060,조광ILI,2025-05-26,2025-08-08,53
2025-08-20,044480,빌리언스,2025-07-14,2025-08-05,17
2025-08-20,046070,코다코,2025-05-26,2025-08-20,60
2025-08-20,052670,제일바이오,2025-05-26,2025-08-20,60
2025-08-20,054180,메디콕스,2025-07-03,2025-08-20,34
2025-08-20,054630,에이디칩스,2025-05-26,2025-08-20,60
2025-08-20,060240,스타코링크,2025-05-26,2025-08-20,60
2025-08-20,065150,대산F&B,2025-05-26,2025-08-20,60
2025-08-20,065570,삼영이엔씨,2025-05-26,2025-08-20,60
2025-08-20,065650,하이퍼코퍼레이션,2025-05-30,2025-06-25,17
2025-08-20,066410,버킷스튜디오,2025-05-26,2025-08-20,60
2025-08-20,066790,씨씨에스,2025-06-23,2025-08-20,42
2025-08-20,068790,DMS,2025-05-26,2025-08-20,60
2025-08-20,068940,셀피글로벌,2025-05-26,2025-08-20,60
2025-08-20,073640,테라사이언스,2025-05-26,2025-08-20,60
2025-08-20,074610,이엔플러스,2025-05-26,2025-08-20,60
2025-08-20,078130,국일제지,2025-05-26,2025-07-18,38
2025-08-20,079970,투비소프트,2025-05-26,2025-08-20,60
2025-08-20,080720,한국유니온제약,2025-05-26,2025-08-20,60
2025-08-20,082660,코스나인,2025-05-26,2025-08-20,60
2025-08-20,091090,세원이앤씨,2025-05-26,2025-08-20,60
2025-08-20,094820,일진파워,2025-06-16,2025-07-22,27
2025-08-20,096040,이트론,2025-05-26,2025-08-20,60
2025-08-20,096610,알에프세미,2025-05-26,2025-08-20,60
2025-08-20,096690,에이루트,2025-06-18,2025-07-09,16
2025-08-20,099520,DGI,2025-05-26,2025-08-20,60
2025-08-20,102280,쌍방울,2025-05-26,2025-08-20,60
2025-08-20,106520,노블엠앤비,2025-05-26,2025-08-20,60
2025-08-20,111870,KH 미래물산,2025-05-26,2025-08-20,60
2025-08-20,117670,알파칩스,2025-06-16,2025-07-08,17
2025-08-20,119650,KC코트렐,2025-05-26,2025-08-20,60
2025-08-20,121800,비덴트,2025-05-26,2025-08-20,60
2025-08-20,139050,BF랩스,2025-05-26,2025-08-20,60
2025-08-20,149980,하이로닉,2025-05-26,2025-08-20,60
2025-08-20,150840,인트로메딕,2025-05-26,2025-08-20,60
2025-08-20,151910,퓨처코어,2025-05-26,2025-08-20,60
2025-08-20,174880,장원테크,2025-05-26,2025-08-20,60
2025-08-20,175250,아이큐어,2025-08-06,2025-08-20,10
2025-08-20,182400,엔케이젠바이오텍코리아,2025-05-26,2025-08-20,60
2025-08-20,203690,아크솔루션스,2025-05-26,2025-08-20,60
2025-08-20,204630,스튜디오산타클로스,2025-05-26,2025-08-20,60
2025-08-20,208340,파멥신,2025-05-26,2025-08-20,60
2025-08-20,208860,다산디엠씨,2025-05-26,2025-07-04,28
2025-08-20,222160,NPX,2025-05-26,2025-08-20,60
2025-08-20,226360,KH 건설,2025-05-26,2025-08-20,60
2025-08-20,230980,비유테크놀러지,2025-05-26,2025-08-20,60
2025-08-20,241820,피씨엘,2025-05-26,2025-08-20,60
2025-08-20,244460,올리패스,2025-05-26,2025-08-20,60
2025-08-20,245620,EDGC,2025-05-26,2025-08-20,60
2025-08-20,246250,에스엘에스바이오,2025-06-10,2025-08-20,51
2025-08-20,258790,소프트캠프,2025-06-24,2025-08-04,30
2025-08-20,263920,휴엠앤씨,2025-07-25,2025-08-19,17
2025-08-20,290380,대유,2025-05-26,2025-08-08,53
2025-08-20,298000,효성화학,2025-05-26,2025-08-20,60
2025-08-20,331740,아우토크립트,2025-05-26,2025-07-14,34
2025-08-20,340450,지씨지놈,2025-05-26,2025-06-10,10
2025-08-20,418250,시큐레터,2025-05-26,2025-08-20,60
2025-08-20,439260,대한조선,2025-05-26,2025-07-31,47
2025-08-20,456160,지투지바이오,2025-05-26,2025-08-13,56
2025-08-20,462310,뉴키즈온,2025-05-26,2025-07-08,30
2025-08-20,463020,뉴엔AI,2025-05-26,2025-07-03,27
2025-08-20,468530,프로티나,2025-05-26,2025-07-28,44
2025-08-20,475230,엔알비,2025-05-26,2025-07-25,43
2025-08-20,900120,씨엑스아이,2025-07-09,2025-07-31,17
2026-04-03,0001A0,덕양에너젠,2026-01-06,2026-01-29,18
2026-04-03,000300,DH오토넥스,2026-01-06,2026-04-03,60
2026-04-03,0007J0,인벤테라,2026-01-06,2026-04-01,58
2026-04-03,001080,만호제강,2026-02-20,2026-03-06,10
2026-04-03,0011A0,액스비스,2026-01-06,2026-03-06,40
2026-04-03,001570,금양,2026-01-06,2026-04-03,60
2026-04-03,001840,이화공영,2026-01-06,2026-04-03,60
2026-04-03,002210,동성제약,2026-01-06,2026-04-03,60
2026-04-03,004380,삼익THK,2026-01-06,2026-04-03,60
2026-04-03,005030,부산주공,2026-01-06,2026-04-03,60
2026-04-03,006380,카프로,2026-01-06,2026-04-03,60
2026-04-03,007330,푸른저축은행,2026-03-03,2026-04-03,24
2026-04-03,007570,일양약품,2026-01-06,2026-03-25,53
2026-04-03,007610,선도전기,2026-01-06,2026-04-03,60
2026-04-03,0082N0,카나프테라퓨틱스,2026-01-06,2026-03-13,45
2026-04-03,008600,윌비스,2026-03-04,2026-03-19,12
2026-04-03,009310,참엔지니어링,2026-03-12,2026-04-03,17
2026-04-03,009440,KC그린홀딩스,2026-01-06,2026-04-03,60
2026-04-03,009810,플레이그램,2026-01-19,2026-02-09,16
2026-04-03,015020,이스타코,2026-03-16,2026-04-03,15
2026-04-03,015590,DKME,2026-01-06,2026-04-03,60
2026-04-03,016790,현대사료,2026-01-06,2026-04-03,60
2026-04-03,019490,엑시큐어하이트론,2026-01-06,2026-04-03,60
2026-04-03,020760,일진디스플,2026-01-06,2026-04-03,60
2026-04-03,024950,삼천리자전거,2026-01-13,2026-04-03,55
2026-04-03,030350,드래곤플라이,2026-01-06,2026-04-03,60
2026-04-03,032980,바이온,2026-01-06,2026-04-03,60
2026-04-03,035890,서희건설,2026-01-06,2026-04-03,60
2026-04-03,036690,코맥스,2026-01-06,2026-04-03,60
2026-04-03,041590,플래스크,2026-01-06,2026-04-03,60
2026-04-03,043090,더테크놀로지,2026-01-06,2026-04-03,60
2026-04-03,043220,티에스넥스젠,2026-01-06,2026-04-03,60
2026-04-03,046070,코다코,2026-01-06,2026-04-03,60
2026-04-03,049180,셀루메드,2026-03-17,2026-04-03,14
2026-04-03,054180,메디콕스,2026-01-06,2026-04-03,60
2026-04-03,060230,제이케이시냅스,2026-02-25,2026-03-19,16
2026-04-03,060240,스타코링크,2026-01-06,2026-04-03,60
2026-04-03,064090,인크레더블버즈,2026-02-09,2026-04-03,36
2026-04-03,065150,대산F&B,2026-01-06,2026-04-03,60
2026-04-03,066410,버킷스튜디오,2026-01-06,2026-04-03,60
2026-04-03,068790,DMS,2026-01-06,2026-03-05,39
2026-04-03,071200,인피니트헬스케어,2026-01-06,2026-01-20,11
2026-04-03,073640,테라사이언스,2026-01-06,2026-04-03,60
2026-04-03,074610,이엔플러스,2026-01-06,2026-04-03,60
2026-04-03,096610,알에프세미,2026-01-06,2026-04-03,60
2026-04-03,099520,DGI,2026-01-06,2026-04-03,60
2026-04-03,101390,아이엠,2026-01-06,2026-04-03,60
2026-04-03,106080,케이이엠텍,2026-03-12,2026-04-03,17
2026-04-03,106520,노블엠앤비,2026-01-06,2026-04-03,60
2026-04-03,119650,KC코트렐,2026-01-06,2026-04-03,60
2026-04-03,121800,비덴트,2026-01-06,2026-04-03,60
2026-04-03,139050,BF랩스,2026-01-06,2026-04-03,60
2026-04-03,149980,하이로닉,2026-01-06,2026-04-03,60
2026-04-03,182400,엔케이젠바이오텍코리아,2026-01-06,2026-04-03,60
2026-04-03,192410,오늘이엔엠,2026-02-27,2026-03-19,14
2026-04-03,195990,루트K,2026-02-20,2026-03-11,13
2026-04-03,203690,아크솔루션스,2026-01-06,2026-04-03,60
2026-04-03,217480,에스디생명공학,2026-01-06,2026-04-03,60
2026-04-03,222160,NPX,2026-01-06,2026-04-03,60
2026-04-03,234920,자이글,2026-01-06,2026-04-03,60
2026-04-03,244460,올리패스,2026-01-06,2026-04-03,60
2026-04-03,246250,에스엘에스바이오,2026-01-06,2026-04-03,60
2026-04-03,263050,유틸렉스,2026-02-09,2026-04-03,36
2026-04-03,279570,케이뱅크,2026-01-06,2026-03-04,38
2026-04-03,290560,파라택시스이더리움,2026-01-30,2026-02-20,13
2026-04-03,298000,효성화학,2026-01-06,2026-04-03,60
2026-04-03,377460,큐에이드,2026-01-06,2026-04-03,60
2026-04-03,393970,대진첨단소재,2026-03-09,2026-04-03,20
2026-04-03,394420,리센스메디컬,2026-01-06,2026-03-30,56
2026-04-03,408470,한패스,2026-01-06,2026-03-24,52
2026-04-03,418250,시큐레터,2026-01-06,2026-04-03,60
2026-04-03,458350,에스팀,2026-01-06,2026-03-05,39
2026-04-03,493280,아이엠바이오로직스,2026-01-06,2026-03-19,49
